SNP 1	SNP 2	FIN D'	FIN r2	TSI D'	TSI r2 	GBR D'	GBR r2 
rs1538171	rs4320356	0.167	0.013	0.036	0.001	0.095	0.006
rs1538171	rs1770	0.079	0.002	0.003	0.0	0.164	0.025
rs1538171	rs2647044	0.097	0.002	0.055	0.0	0.226	0.009
rs1538171	rs9388489	1.0	1.0	1.0	0.981	1.0	0.978
rs1538171	rs9268645	0.129	0.004	0.048	0.001	0.002	0.0
rs1538171	rs9272346	0.11	0.007	0.003	0.0	0.35	0.066
rs1538171	rs3757247	0.036	0.001	0.06	0.003	0.027	0.001
rs1538171	rs11755527	0.051	0.002	0.038	0.001	0.017	0.0
rs1538171	rs924043	0.068	0.001	0.055	0.0	0.041	0.0
rs1538171	rs1050979	0.054	0.001	0.119	0.009	0.109	0.01
rs1538171	rs9405661	0.008	0.0	0.008	0.0	0.139	0.012
rs1538171	rs12665429	0.174	0.008	0.177	0.025	0.071	0.004
rs1538171	rs212408	0.195	0.008	0.096	0.007	0.0	0.0
rs1538171	rs72928038	0.259	0.022	0.049	0.001	0.111	0.003
rs1538171	rs2045258	1.0	1.0	1.0	0.981	1.0	0.978
rs1538171	rs9273363	0.163	0.005	0.028	0.0	0.171	0.015
rs1538171	rs1578060	1.0	1.0	1.0	0.962	1.0	0.978
rs1538171	rs138748427			0.199	0.0		
rs1538171	rs9273367	0.206	0.007	0.048	0.0	0.171	0.015
rs1538171	rs17711850	0.107	0.008	0.094	0.004	0.037	0.001
rs4320356	rs1770	0.027	0.0	0.199	0.036	0.142	0.02
rs4320356	rs2647044	0.002	0.0	0.398	0.035	0.337	0.023
rs4320356	rs9388489	0.167	0.013	0.048	0.002	0.112	0.008
rs4320356	rs9268645	0.126	0.006	0.041	0.001	0.175	0.014
rs4320356	rs9272346	0.022	0.0	0.22	0.021	0.177	0.015
rs4320356	rs3757247	0.096	0.005	0.007	0.0	0.013	0.0
rs4320356	rs11755527	0.1	0.005	0.016	0.0	0.002	0.0
rs4320356	rs924043	0.392	0.022	0.297	0.009	0.202	0.011
rs4320356	rs1050979	0.041	0.001	0.064	0.003	0.002	0.0
rs4320356	rs9405661	0.064	0.003	0.075	0.005	0.025	0.0
rs4320356	rs12665429	0.129	0.007	0.042	0.001	0.039	0.001
rs4320356	rs212408	0.066	0.002	0.04	0.001	0.173	0.017
rs4320356	rs72928038	0.046	0.0	0.043	0.0	0.232	0.011
rs4320356	rs2045258	0.167	0.013	0.048	0.002	0.112	0.008
rs4320356	rs9273363	0.157	0.007	0.283	0.033	0.117	0.008
rs4320356	rs1578060	0.167	0.013	0.06	0.003	0.112	0.008
rs4320356	rs138748427			1.0	0.01		
rs4320356	rs9273367	0.139	0.005	0.263	0.029	0.117	0.008
rs4320356	rs17711850	0.071	0.002	0.106	0.004	0.033	0.001
rs1770	rs2647044	1.0	0.136	1.0	0.242	0.926	0.166
rs1770	rs9388489	0.079	0.002	0.014	0.0	0.173	0.028
rs1770	rs9268645	0.335	0.064	0.021	0.0	0.095	0.007
rs1770	rs9272346	0.9	0.55	0.936	0.338	0.935	0.429
rs1770	rs3757247	0.029	0.0	0.004	0.0	0.025	0.0
rs1770	rs11755527	0.07	0.002	0.031	0.001	0.036	0.001
rs1770	rs924043	0.154	0.006	0.161	0.002	0.137	0.005
rs1770	rs1050979	0.063	0.003	0.03	0.001	0.09	0.006
rs1770	rs9405661	0.04	0.001	0.041	0.001	0.037	0.001
rs1770	rs12665429	0.077	0.004	0.187	0.012	0.055	0.002
rs1770	rs212408	0.02	0.0	0.054	0.002	0.131	0.016
rs1770	rs72928038	0.008	0.0	0.099	0.003	0.222	0.017
rs1770	rs2045258	0.079	0.002	0.014	0.0	0.173	0.028
rs1770	rs9273363	1.0	0.462	1.0	0.453	1.0	0.567
rs1770	rs1578060	0.079	0.002	0.003	0.0	0.173	0.028
rs1770	rs138748427			1.0	0.009		
rs1770	rs9273367	1.0	0.45	0.966	0.435	1.0	0.567
rs1770	rs17711850	0.067	0.001	0.051	0.001	0.009	0.0
rs2647044	rs9388489	0.097	0.002	0.066	0.0	0.234	0.01
rs2647044	rs9268645	0.792	0.023	0.124	0.002	0.547	0.027
rs2647044	rs9272346	0.881	0.071	0.907	0.077	0.892	0.075
rs2647044	rs3757247	0.068	0.001	0.097	0.001	0.071	0.001
rs2647044	rs11755527	0.083	0.001	0.199	0.006	0.062	0.001
rs2647044	rs924043	0.109	0.007	0.181	0.001	0.266	0.002
rs2647044	rs1050979	0.02	0.0	0.121	0.002	0.011	0.0
rs2647044	rs9405661	0.02	0.0	0.085	0.001	0.125	0.003
rs2647044	rs12665429	0.206	0.008	0.107	0.001	0.268	0.018
rs2647044	rs212408	0.091	0.002	0.045	0.0	0.125	0.003
rs2647044	rs72928038	0.598	0.006	0.151	0.001	0.222	0.002
rs2647044	rs2045258	0.097	0.002	0.066	0.0	0.234	0.01
rs2647044	rs9273363	0.612	0.11	0.863	0.398	0.88	0.264
rs2647044	rs1578060	0.097	0.002	0.006	0.0	0.234	0.01
rs2647044	rs138748427			1.0	0.002		
rs2647044	rs9273367	0.614	0.114	0.862	0.387	0.88	0.264
rs2647044	rs17711850	0.153	0.001	0.206	0.004	0.064	0.0
rs9388489	rs9268645	0.129	0.004	0.059	0.002	0.012	0.0
rs9388489	rs9272346	0.11	0.007	0.011	0.0	0.342	0.061
rs9388489	rs3757247	0.036	0.001	0.071	0.004	0.015	0.0
rs9388489	rs11755527	0.051	0.002	0.049	0.002	0.005	0.0
rs9388489	rs924043	0.068	0.001	0.066	0.0	0.051	0.001
rs9388489	rs1050979	0.054	0.001	0.105	0.007	0.123	0.012
rs9388489	rs9405661	0.008	0.0	0.004	0.0	0.157	0.015
rs9388489	rs12665429	0.174	0.008	0.171	0.023	0.054	0.002
rs9388489	rs212408	0.195	0.008	0.089	0.006	0.01	0.0
rs9388489	rs72928038	0.259	0.022	0.041	0.0	0.1	0.002
rs9388489	rs2045258	1.0	1.0	1.0	1.0	1.0	1.0
rs9388489	rs9273363	0.163	0.005	0.039	0.0	0.179	0.017
rs9388489	rs1578060	1.0	1.0	1.0	0.981	1.0	1.0
rs9388489	rs138748427			0.207	0.0		
rs9388489	rs9273367	0.206	0.007	0.059	0.001	0.179	0.017
rs9388489	rs17711850	0.107	0.008	0.104	0.004	0.024	0.001
rs9268645	rs9272346	0.747	0.216	0.456	0.105	0.612	0.136
rs9268645	rs3757247	0.128	0.004	0.293	0.066	0.058	0.002
rs9268645	rs11755527	0.203	0.009	0.264	0.059	0.076	0.004
rs9268645	rs924043	0.203	0.017	0.028	0.0	0.183	0.012
rs9268645	rs1050979	0.174	0.014	0.007	0.0	0.095	0.005
rs9268645	rs9405661	0.075	0.003	0.081	0.004	0.025	0.0
rs9268645	rs12665429	0.089	0.006	0.129	0.011	0.321	0.036
rs9268645	rs212408	0.07	0.001	0.018	0.0	0.138	0.015
rs9268645	rs72928038	0.147	0.001	0.043	0.0	0.234	0.009
rs9268645	rs2045258	0.129	0.004	0.059	0.002	0.012	0.0
rs9268645	rs9273363	0.419	0.142	0.074	0.002	0.237	0.043
rs9268645	rs1578060	0.129	0.004	0.069	0.003	0.012	0.0
rs9268645	rs138748427			0.395	0.003		
rs9268645	rs9273367	0.407	0.131	0.093	0.003	0.237	0.043
rs9268645	rs17711850	0.229	0.008	0.152	0.016	0.128	0.008
rs9272346	rs3757247	0.078	0.004	0.027	0.0	0.04	0.001
rs9272346	rs11755527	0.108	0.007	0.031	0.001	0.052	0.001
rs9272346	rs924043	0.062	0.001	0.016	0.0	0.077	0.001
rs9272346	rs1050979	0.112	0.01	0.076	0.004	0.096	0.006
rs9272346	rs9405661	0.045	0.002	0.005	0.0	0.067	0.002
rs9272346	rs12665429	0.051	0.001	0.095	0.008	0.02	0.0
rs9272346	rs212408	0.008	0.0	0.009	0.0	0.233	0.026
rs9272346	rs72928038	0.044	0.0	0.13	0.002	0.133	0.003
rs9272346	rs2045258	0.11	0.007	0.011	0.0	0.342	0.061
rs9272346	rs9273363	0.916	0.263	0.944	0.156	0.907	0.229
rs9272346	rs1578060	0.11	0.007	0.003	0.0	0.342	0.061
rs9272346	rs138748427			1.0	0.023		
rs9272346	rs9273367	0.914	0.255	0.946	0.161	0.907	0.229
rs9272346	rs17711850	0.136	0.007	0.051	0.001	0.022	0.0
rs3757247	rs11755527	1.0	0.957	1.0	0.911	1.0	0.978
rs3757247	rs924043	0.128	0.002	0.097	0.001	0.041	0.0
rs3757247	rs1050979	0.087	0.005	0.022	0.0	0.082	0.006
rs3757247	rs9405661	0.189	0.024	0.045	0.002	0.048	0.002
rs3757247	rs12665429	0.016	0.0	0.172	0.016	0.044	0.001
rs3757247	rs212408	0.048	0.001	0.171	0.014	0.083	0.004
rs3757247	rs72928038	1.0	0.294	1.0	0.191	1.0	0.234
rs3757247	rs2045258	0.036	0.001	0.071	0.004	0.015	0.0
rs3757247	rs9273363	0.096	0.002	0.048	0.001	0.071	0.002
rs3757247	rs1578060	0.036	0.001	0.081	0.005	0.015	0.0
rs3757247	rs138748427			1.0	0.013		
rs3757247	rs9273367	0.134	0.003	0.027	0.0	0.071	0.002
rs3757247	rs17711850	0.971	0.621	1.0	0.531	0.893	0.548
rs11755527	rs924043	0.104	0.001	0.054	0.0	0.032	0.0
rs11755527	rs1050979	0.062	0.003	0.011	0.0	0.069	0.004
rs11755527	rs9405661	0.166	0.018	0.012	0.0	0.038	0.001
rs11755527	rs12665429	0.008	0.0	0.159	0.015	0.055	0.002
rs11755527	rs212408	0.07	0.001	0.182	0.017	0.067	0.003
rs11755527	rs72928038	1.0	0.307	1.0	0.21	1.0	0.239
rs11755527	rs2045258	0.051	0.002	0.049	0.002	0.005	0.0
rs11755527	rs9273363	0.129	0.003	0.089	0.002	0.082	0.003
rs11755527	rs1578060	0.051	0.002	0.059	0.003	0.005	0.0
rs11755527	rs138748427			1.0	0.015		
rs11755527	rs9273367	0.169	0.005	0.066	0.001	0.082	0.003
rs11755527	rs17711850	0.972	0.65	1.0	0.583	0.894	0.562
rs924043	rs1050979	0.009	0.0	0.243	0.008	0.087	0.002
rs924043	rs9405661	0.273	0.014	0.37	0.017	0.022	0.0
rs924043	rs12665429	0.143	0.002	0.305	0.008	0.05	0.0
rs924043	rs212408	0.132	0.001	0.193	0.011	0.21	0.012
rs924043	rs72928038	0.268	0.002	0.055	0.002	0.015	0.0
rs924043	rs2045258	0.068	0.001	0.066	0.0	0.051	0.001
rs924043	rs9273363	0.151	0.012	0.187	0.001	0.068	0.002
rs924043	rs1578060	0.068	0.001	0.076	0.001	0.051	0.001
rs924043	rs138748427			1.0	0.002		
rs924043	rs9273367	0.157	0.013	0.204	0.002	0.068	0.002
rs924043	rs17711850	0.011	0.0	0.007	0.0	0.058	0.001
rs1050979	rs9405661	0.675	0.455	0.785	0.572	0.772	0.457
rs1050979	rs12665429	0.187	0.021	0.147	0.011	0.108	0.007
rs1050979	rs212408	0.084	0.002	0.117	0.006	0.067	0.003
rs1050979	rs72928038	0.043	0.0	0.117	0.002	0.119	0.004
rs1050979	rs2045258	0.054	0.001	0.105	0.007	0.123	0.012
rs1050979	rs9273363	0.152	0.009	0.194	0.012	0.133	0.008
rs1050979	rs1578060	0.054	0.001	0.092	0.006	0.123	0.012
rs1050979	rs138748427			0.369	0.002		
rs1050979	rs9273367	0.134	0.007	0.171	0.01	0.133	0.008
rs1050979	rs17711850	0.058	0.002	0.009	0.0	0.126	0.012
rs9405661	rs12665429	0.187	0.021	0.112	0.006	0.039	0.001
rs9405661	rs212408	0.008	0.0	0.111	0.005	0.043	0.001
rs9405661	rs72928038	0.107	0.002	0.081	0.001	0.162	0.005
rs9405661	rs2045258	0.008	0.0	0.004	0.0	0.157	0.015
rs9405661	rs9273363	0.152	0.009	0.183	0.011	0.083	0.002
rs9405661	rs1578060	0.008	0.0	0.006	0.0	0.157	0.015
rs9405661	rs138748427			0.265	0.001		
rs9405661	rs9273367	0.134	0.007	0.162	0.009	0.083	0.002
rs9405661	rs17711850	0.125	0.007	0.026	0.0	0.078	0.004
rs12665429	rs212408	0.158	0.005	0.045	0.002	0.108	0.005
rs12665429	rs72928038	0.172	0.003	0.176	0.011	0.018	0.0
rs12665429	rs2045258	0.174	0.008	0.171	0.023	0.054	0.002
rs12665429	rs9273363	0.062	0.003	0.113	0.002	0.059	0.003
rs12665429	rs1578060	0.174	0.008	0.164	0.02	0.054	0.002
rs12665429	rs138748427			0.074	0.0		
rs12665429	rs9273367	0.043	0.001	0.074	0.001	0.059	0.003
rs12665429	rs17711850	0.018	0.0	0.128	0.016	0.099	0.007
rs212408	rs72928038	0.281	0.005	0.205	0.017	0.058	0.001
rs212408	rs2045258	0.195	0.008	0.089	0.006	0.01	0.0
rs212408	rs9273363	0.059	0.0	0.115	0.002	0.156	0.014
rs212408	rs1578060	0.195	0.008	0.082	0.005	0.01	0.0
rs212408	rs138748427			0.498	0.007		
rs212408	rs9273367	0.113	0.002	0.071	0.001	0.156	0.014
rs212408	rs17711850	0.179	0.005	0.132	0.016	0.021	0.0
rs72928038	rs2045258	0.259	0.022	0.041	0.0	0.1	0.002
rs72928038	rs9273363	0.289	0.005	0.11	0.009	0.148	0.013
rs72928038	rs1578060	0.259	0.022	0.033	0.0	0.1	0.002
rs72928038	rs138748427			0.199	0.003		
rs72928038	rs9273367	0.274	0.004	0.141	0.014	0.148	0.013
rs72928038	rs17711850	1.0	0.446	1.0	0.36	1.0	0.34
rs2045258	rs9273363	0.163	0.005	0.039	0.0	0.179	0.017
rs2045258	rs1578060	1.0	1.0	1.0	0.981	1.0	1.0
rs2045258	rs138748427			0.207	0.0		
rs2045258	rs9273367	0.206	0.007	0.059	0.001	0.179	0.017
rs2045258	rs17711850	0.107	0.008	0.104	0.004	0.024	0.001
rs9273363	rs1578060	0.163	0.005	0.001	0.0	0.179	0.017
rs9273363	rs138748427			1.0	0.004		
rs9273363	rs9273367	1.0	0.973	1.0	0.973	1.0	1.0
rs9273363	rs17711850	0.25	0.008	0.054	0.0	0.131	0.01
rs1578060	rs138748427			0.216	0.0		
rs1578060	rs9273367	0.206	0.007	0.02	0.0	0.179	0.017
rs1578060	rs17711850	0.107	0.008	0.114	0.005	0.024	0.001
rs138748427	rs9273367			1.0	0.004		
rs138748427	rs17711850			1.0	0.025		
rs9273367	rs17711850	0.311	0.012	0.016	0.0	0.131	0.01
