SNP rsID	All	European	Alt allele	African	Alt allele	South Asian	Alt allele	East Asian	Alt allele	Admixed Americans	Alt allele
rs1538171	0.553314696485623	0.456262425447316	G	0.1732223903177	G	0.652351738241309	G	0.973214285714286	G	0.668587896253602	G
rs72928038	0.0714856230031949	0.179920477137177	A	0.00680786686838124	A	0.0623721881390593	A	0.00396825396825397	A	0.148414985590778	A
rs1538171	0.553314696485623	0.456262425447316	G	0.1732223903177	G	0.652351738241309	G	0.973214285714286	G	0.668587896253602	G
rs4320356	0.499400958466454	0.450298210735586	T	0.843419062027231	T	0.379345603271984	T	0.267857142857143	T	0.420749279538905	T
rs1770	0.35223642172524	0.418489065606362	G	0.26928895612708	G	0.289366053169734	G	0.359126984126984	G	0.492795389048991	G
rs2647044	0.0648961661341853	0.104373757455268	A	0.0499243570347958	A	0.0756646216768916	A	0.0337301587301587	A	0.0662824207492795	A
rs11755527	0.366613418530351	0.472166998011928	G	0.177760968229955	G	0.408997955010225	G	0.418650793650794	G	0.438040345821326	G
rs9388489	0.551916932907348	0.450298210735586	G	0.170953101361573	G	0.653374233128834	G	0.973214285714286	G	0.670028818443804	G
rs9268645	0.424920127795527	0.381709741550696	G	0.344175491679274	G	0.457055214723926	G	0.51984126984127	G	0.45821325648415	G
rs11755527	0.366613418530351	0.472166998011928	G	0.177760968229955	G	0.408997955010225	G	0.418650793650794	G	0.438040345821326	G
rs9272346	0.525359424920128	0.548707753479125	A	0.467473524962179	A	0.488752556237219	A	0.507936507936508	A	0.678674351585014	A
rs9272346	0.525359424920128	0.548707753479125	A	0.467473524962179	A	0.488752556237219	A	0.507936507936508	A	0.678674351585014	A
rs3757247	0.395766773162939	0.488071570576541	T	0.179273827534039	T	0.432515337423313	T	0.487103174603175	T	0.489913544668588	T
rs11755527	0.366613418530351	0.472166998011928	G	0.177760968229955	G	0.408997955010225	G	0.418650793650794	G	0.438040345821326	G
rs924043	0.58526357827476	0.854870775347913	C	0.357034795763994	C	0.711656441717791	C	0.402777777777778	C	0.716138328530259	C
rs1050979	0.312100638977636	0.475149105367793	G	0.0317700453857791	G	0.432515337423313	G	0.311507936507937	G	0.440922190201729	G
rs9405661	0.310902555910543	0.468190854870775	A	0.0249621785173979	A	0.414110429447853	A	0.326388888888889	A	0.459654178674352	A
rs12665429	0.292931309904153	0.378727634194831	C	0.198184568835098	C	0.41002044989775	C	0.178571428571429	C	0.35014409221902	C
rs212408	0.707068690095847	0.640159045725646	T	0.505295007564297	T	0.798568507157464	T	0.89484126984127	T	0.786743515850144	T
rs9405661	0.310902555910543	0.468190854870775	A	0.0249621785173979	A	0.414110429447853	A	0.326388888888889	A	0.459654178674352	A
rs12665429	0.292931309904153	0.378727634194831	C	0.198184568835098	C	0.41002044989775	C	0.178571428571429	C	0.35014409221902	C
rs212408	0.707068690095847	0.640159045725646	T	0.505295007564297	T	0.798568507157464	T	0.89484126984127	T	0.786743515850144	T
rs72928038	0.0714856230031949	0.179920477137177	A	0.00680786686838124	A	0.0623721881390593	A	0.00396825396825397	A	0.148414985590778	A
rs2045258	0.553115015974441	0.450298210735586	G	0.173978819969743	G	0.655419222903885	G	0.973214285714286	G	0.670028818443804	G
rs9273363	0.237020766773163	0.262425447316103	A	0.0907715582450832	A	0.256646216768916	A	0.319444444444444	A	0.331412103746398	A
rs1578060	0.524760383386581	0.453280318091451	C	0.0695915279878971	C	0.653374233128834	C	0.973214285714286	C	0.662824207492795	C
rs138748427	0.367212460063898	0.417495029821074	A	0.22768532526475	A	0.342535787321063	A	0.413690476190476	A	0.527377521613833	A
rs9273367	0.267771565495208	0.26441351888668	T	0.0907715582450832	T	0.313905930470348	T	0.413690476190476	T	0.332853025936599	T
rs17711850	0.167731629392971	0.368787276341948	C	0.0438729198184569	C	0.210633946830266	C	0.00396825396825397	C	0.289625360230548	C
