	SNPS	REGION	CHR_POS	CHR_ID	P-VALUE	MAPPED_GENE	-logp	cumulative_pos
0	rs559047	1q43	238590616	1	4e-06	KRT18P32 - NA	12.429216196844383	238590616
1	rs559047	1q43	238590616	1	4e-08	KRT18P32 - NA	17.034386382832473	238590616
2	rs2990510	1q31.3	197051528	1	6e-06	F13B	12.02375108873622	197051528
3	rs2153977	1p13.2	113537449	1	4e-07	MAGI3	14.73180128983843	113537449
4	rs2476601	1p13.2	113834946	1	7e-20	PTPN22	44.1057917108256	113834946
5	rs2358994	1p13.2	113886839	1	2e-11	AP4B1-AS1, BCL2L15	24.635288842374557	113886839
6	rs6679677	1p13.2	113761186	1	1e-40	PHTF1 - RSBN1	92.10340371976183	113761186
7	rs2476601	1p13.2	113834946	1	1e-07	PTPN22	16.118095650958317	113834946
8	rs2476601	1p13.2	113834946	1	2e-80	PTPN22	183.5136602589637	113834946
9	rs6679677	1p13.2	113761186	1	8e-24	PHTF1 - RSBN1	53.18260069017726	113761186
10	rs1983853	1p22.3	84845509	1	2e-06	LPAR3	13.122363377404328	84845509
11	rs3024505	1q32.1	206766559	1	2e-09	Y_RNA - IL10	20.030118656386463	206766559
12	rs2269241	1p31.3	63643100	1	4e-07	PGM1	14.73180128983843	63643100
13	rs2476601	1p13.2	113834946	1	9e-85	PTPN22	193.52250832715765	113834946
14	rs3024505	1q32.1	206766559	1	5e-10	Y_RNA - IL10	21.416413017506354	206766559
15	rs2476601	1p13.2	113834946	1	1.9999999999999998e-111	PTPN22	254.89379814177911	113834946
16	rs7528684	1q23.1	157701026	1	8e-09	FCRL3 - VDAC1P9	18.643824295266576	157701026
17	rs6679677	1p13.2	113761186	1	2e-06	PHTF1 - RSBN1	13.122363377404328	113761186
18	rs6679677	1p13.2	113761186	1	2e-06	PHTF1 - RSBN1	13.122363377404328	113761186
19	rs28600853	1p36.32	2863195	1	6e-06	TTC34 - NA	12.02375108873622	2863195
20	rs138760780	1q32.1	205515245	1	9e-06	CDK18	11.618285980628055	205515245
21	rs138760780	1q32.1	205515245	1	2e-06	CDK18	13.122363377404328	205515245
22	rs2476601	1p13.2	113834946	1	1e-100	PTPN22	230.25850929940458	113834946
23	rs6691977	1q32.1	200845831	1	4e-08	CAMSAP2	17.034386382832473	200845831
24	rs3024505	1q32.1	206766559	1	6e-08	Y_RNA - IL10	16.62892127472431	206766559
25	rs17407280	1p36.12	20693912	1	7e-06	KIF17	11.86960040890896	20693912
26	rs10919543	1q23.3	161538827	1	6e-06	RPS23P10 - FCGR3A	12.02375108873622	161538827
27	rs7524087	1q32.3	212470318	1	8e-06	LINC02771	11.736069016284437	212470318
28	rs10751776	1p36.11	24970252	1	3e-08	RUNX3 - MIR4425	17.322068455284256	24970252
29	rs574384	1p34.3	35622060	1	2e-08	PSMB2	17.72753356339242	35622060
30	rs12742756	1p34.3	37881745	1	4e-08	INPP5B	17.034386382832473	37881745
31	rs855330	1p31.3	63648218	1	5e-11	PGM1	23.7189981105004	63648218
32	rs1493696	1p12	119962909	1	8e-09	NOTCH2	18.643824295266576	119962909
33	rs570794153	1q31.3	198629260	1	4e-11	ATP6V1G3 - PTPRC	23.942141661814613	198629260
34	rs12128789	1q32.3	212679490	1	4e-09	LINC02773 - BATF3	19.33697147582652	212679490
35	rs34090353	1p22.1	92358141	1	1e-08	RPAP2	18.420680743952364	92358141
36	rs2229238	1q21.3	154465420	1	1e-12	IL6R	27.63102111592855	154465420
37	rs34090353	1p22.1	92358141	1	1e-08	RPAP2	18.420680743952364	92358141
38	rs2641348	1p12	119895261	1	2e-08	ADAM30	17.72753356339242	119895261
39	rs2229238	1q21.3	154465420	1	1e-12	IL6R	27.63102111592855	154465420
40	rs78037977	1q24.3	172746562	1	2e-09	FASLG - SLC25A38P1	20.030118656386463	172746562
41	rs2816313	1q31.2	192570207	1	5e-09	NA - RGS1	19.11382792451231	192570207
42	rs11120029	1q32.3	212796238	1	2e-08	TATDN3	17.72753356339242	212796238
43	rs2641348	1p12	119895261	1	2e-08	ADAM30	17.72753356339242	119895261
44	rs78037977	1q24.3	172746562	1	2e-09	FASLG - SLC25A38P1	20.030118656386463	172746562
45	rs2816313	1q31.2	192570207	1	5e-09	NA - RGS1	19.11382792451231	192570207
46	rs11120029	1q32.3	212796238	1	2e-08	TATDN3	17.72753356339242	212796238
47	rs857786	1q23.1	158815304	1	6e-09	OR10AA1P - MNDA	18.931506367718356	158815304
48	rs836589	2q31.1	172628350	2	2e-06	PDK1 - RAPGEF4-AS1	13.122363377404328	411218966
49	rs478222	2p23.3	25078886	2	4e-09	EFR3B	19.33697147582652	263669502
50	rs6547853	2p23.2	28423934	2	8e-07	FOSL2 - PLB1	14.038654109278484	267014550
51	rs4972593	2q31.1	173598126	2	4e-08		17.034386382832473	412188742
52	rs3087243	2q33.2	203874196	2	8e-11	CTLA4 - ICOS	23.24899448125467	442464812
53	rs2165738	2p23.3	24469940	2	4e-06	ITSN2 - NCOA1	12.429216196844383	263060556
54	rs9653442	2q11.2	100208905	2	5e-06	LINC01104	12.206072645530174	338799521
55	rs1990760	2q24.2	162267541	2	2e-11	IFIH1	24.635288842374557	400858157
56	rs7588550	2q34	212304043	2	2e-07	ERBB4	15.424948470398375	450894659
57	rs7583877	2q11.2	99844192	2	1e-08	AFF3	18.420680743952364	338434808
58	rs7583877	2q11.2	99844192	2	3e-07	AFF3	15.01948336229021	338434808
59	rs1534422	2p24.3	12500615	2	2e-06	MIR3681HG	13.122363377404328	251091231
60	rs1990760	2q24.2	162267541	2	7e-09	IFIH1	18.7773556878911	400858157
61	rs3087243	2q33.2	203874196	2	1e-15	CTLA4 - ICOS	34.538776394910684	442464812
62	rs1990760	2q24.2	162267541	2	2e-14	IFIH1	31.543044121356694	400858157
63	rs3087243	2q33.2	203874196	2	2e-17	CTLA4 - ICOS	38.45079940033883	442464812
64	rs181176493	2q36.1	223293148	2	2e-07	RN7SL807P - NA	15.424948470398375	461883764
65	rs70962766	2p15	62179865	2	5e-07	COMMD1 - B3GNT2	14.508657738524219	300770481
66	rs1344228	2q14.3	123529348	2	8e-06		11.736069016284437	362119964
67	rs17206992	2q24.1	154368670	2	6e-06	GALNT13	12.02375108873622	392959286
68	rs113517532	2q31.1	176780863	2	2e-06	LINC01117	13.122363377404328	415371479
69	rs13415583	2q11.2	100147625	2	1e-07	AFF3	16.118095650958317	338738241
70	rs4849135	2q13	110857502	2	4e-08	ACOXL	17.034386382832473	349448118
71	rs2111485	2q24.2	162254026	2	4e-18	FAP - IFIH1	40.06023731277293	400844642
72	rs35667974	2q24.2	162268127	2	9e-09	IFIH1	18.526041259610192	400858743
73	rs72871627	2q24.2	162280432	2	2e-06	IFIH1	13.122363377404328	400871048
74	rs3087243	2q33.2	203874196	2	7e-21	CTLA4 - ICOS	46.40837680381964	442464812
75	rs77155259	2q24.2	161647730	2	2e-06	SLC4A10	13.122363377404328	400238346
76	rs1881146	2p24.3	12494668	2	5e-08	MIR3681HG	16.811242831518264	251085284
77	rs12464462	2p16.1	60409281	2	9e-10	MIR4432HG	20.828626352604235	298999897
78	rs13018977	2q37.3	241338592	2	2e-08	SEPTIN2	17.72753356339242	479929208
79	rs10169963	2p24.3	12512805	2	3e-08	MIR3681HG	17.322068455284256	251103421
80	rs12712067	2q11.2	100147438	2	4e-09	AFF3	19.33697147582652	338738054
81	rs7582694	2q32.3	191105394	2	3e-09	STAT4	19.624653548278303	429696010
82	rs10933559	2q37.3	241468331	2	3e-11	FARP2	24.229823734266393	480058947
83	rs10169963	2p24.3	12512805	2	3e-08	MIR3681HG	17.322068455284256	251103421
84	rs12712067	2q11.2	100147438	2	4e-09	AFF3	19.33697147582652	338738054
85	rs7582694	2q32.3	191105394	2	3e-09	STAT4	19.624653548278303	429696010
86	rs10933559	2q37.3	241468331	2	3e-11	FARP2	24.229823734266393	480058947
87	rs9810233	3q13.11	105292046	3	7e-07	NA - ALCAM	14.172185501903007	585350993
88	rs950146	3p22.2	36638607	3	4e-06	NBPF21P - RN7SKP227	12.429216196844383	516697554
89	rs9850225	3p12.2	80816613	3	5e-06	LINC02050 - NA	12.206072645530174	560875560
90	rs11705721	3p14.3	58414687	3	9e-06	PXK	11.618285980628055	538473634
91	rs73018809	3p25.1	13329174	3	2e-07	NUP210	15.424948470398375	493388121
92	rs28641753	3q13.11	104256574	3	2e-07		15.424948470398375	584315521
93	rs113010081	3p21.31	46415921	3	5e-08	CCRL2 - LINC02009	16.811242831518264	526474868
94	rs111821448	3q13.2	111874722	3	5e-06	PHLDB2	12.206072645530174	591933669
95	rs11725853	4q34.1	174721548	4	8e-07	GLRA3	14.038654109278484	766655217
96	rs7679475	4q27	121392885	4	4e-10	QRFPR - TUBB4BP5	21.639556568820563	713326554
97	rs11723864	4q34.1	173653255	4	7e-07	HAND2-AS1	14.172185501903007	765586924
98	rs4505848	4q27	122211337	4	5e-13	KIAA1109	28.324168296488494	714145006
99	rs10517086	4p15.2	26083889	4	5e-10	LINC02357	21.416413017506354	618017558
100	rs17388568	4q27	122408207	4	6e-06	ADAD1	12.02375108873622	714341876
101	rs2069762	4q27	122456825	4	5e-07	IL2 - NA	14.508657738524219	714390494
102	rs78031527	4p16.1	6169503	4	5e-06	JAKMIP1, C4orf50	12.206072645530174	598103172
103	rs75793288	4q27	122322441	4	6e-13	KIAA1109	28.14184673969454	714256110
104	rs2611215	4q32.3	165653115	4	2e-11	NA - LINC01179	24.635288842374557	757586784
105	rs139881548	4p12	46372280	4	7e-06	GABRA2	11.86960040890896	638305949
106	rs34740712	4q32.3	165916328	4	5e-06	TLL1	12.206072645530174	757849997
107	rs12644686	4q35.1	184381748	4	2e-08	LINC02362	17.72753356339242	776315417
108	rs113881148	4p16.3	973543	4	6e-09	DGKQ	18.931506367718356	592907212
109	rs113881148	4p16.3	973543	4	6e-09	DGKQ	18.931506367718356	592907212
110	rs337637	4p14	38602849	4	3e-10	KLF3-AS1	21.927238641272346	630536518
111	rs337637	4p14	38602849	4	3e-10	KLF3-AS1	21.927238641272346	630536518
112	rs13147255	4q28.1	124578751	4	1e-08	LINC02516 - ANKRD50	18.420680743952364	716512420
113	rs1445898	5p13.2	35910427	5	8e-06	CAPSL	11.736069016284437	812225844
114	rs6897932	5p13.2	35874473	5	8e-06	IL7R	11.736069016284437	812189890
115	rs574480779	5q33.2	155011321	5	9e-07	MRPL22 - KIF4B	13.9208710736221	931326738
116	rs143537377	5p15.2	10500534	5	8e-06	LINC02212	11.736069016284437	786815951
117	rs115829748	5q13.2	72098560	5	1e-09	NA - MAP1B	20.72326583694641	848413977
118	rs11954020	5p13.2	35883149	5	4e-08	IL7R - CAPSL	17.034386382832473	812198566
119	rs4513644	5q11.2	57837318	5	8e-07	NA - LINC02225	14.038654109278484	834152735
120	rs114378220	5q22.1	111230662	5	5e-09	CAMK4	19.11382792451231	887546079
121	rs766751473	5q31.1	132431072	5	1e-08	IRF1-AS1	18.420680743952364	908746489
122	rs1876142	5p13.1	40521603	5	2e-14	TTC33	31.543044121356694	816837020
123	rs1876142	5p13.1	40521603	5	2e-14	TTC33	31.543044121356694	816837020
124	rs10213692	5q11.2	56146422	5	3e-09	ANKRD55	19.624653548278303	832461839
125	rs10213692	5q11.2	56146422	5	3e-09	ANKRD55	19.624653548278303	832461839
126	rs61211515	6p22.1	30133199	6	1e-07	TRIM31-AS1 - TRIM40	16.118095650958317	961459937
127	rs3135002	6p21.32	32700662	6	3e-08	HLA-DQB1 - MTCO3P1	17.322068455284256	964027400
128	rs9260151	6p22.1	29943253	6	8e-08	HLA-A	16.34123920227253	961269991
129	rs61211515	6p22.1	30133199	6	2e-06	TRIM31-AS1 - TRIM40	13.122363377404328	961459937
130	rs3135002	6p21.32	32700662	6	7e-08	HLA-DQB1 - MTCO3P1	16.474770594897052	964027400
131	rs6931865	6q24.2	143758717	6	4e-06	PHACTR2	12.429216196844383	1075085455
132	rs924043	6q27	170063801	6	8e-09		18.643824295266576	1101390539
133	rs2524054	6p21.33	31284619	6	2e-28	RPL3P2 - WASF5P	63.779235423273335	962611357
134	rs2524054	6p21.33	31284619	6	6.0000000000000006e-21	RPL3P2 - WASF5P	46.5625274836469	962611357
135	rs2523989	6p22.1	30110498	6	2e-08	TRIM31, TRIM31-AS1	17.72753356339242	961437236
136	rs886424	6p21.33	30814225	6	3e-14	LINC00243	31.13757901324853	962140963
137	rs2251396	6p21.33	31396930	6	1e-22	HLA-S - MICA	50.65687204586901	962723668
138	rs2857595	6p21.33	31600692	6	2e-23	NCR3 - UQCRHP1	52.266309958303104	962927430
139	rs1270942	6p21.33	31951083	6	5e-25	CFB	55.95518941241704	963277821
140	rs1980493	6p21.32	32395438	6	2e-20	TSBP1-AS1, BTNL2	45.35855467932097	963722176
141	rs1015166	6p21.32	32830954	6	4e-22	TAP2	49.270577684749114	964157692
142	rs11755527	6q15	90248512	6	5e-12	BACH2	26.021583203494448	1021575250
143	rs9272346	6p21.32	32636595	6	6.000000000000001e-129	HLA-DQA1	295.2417175270038	963963333
144	rs2647044	6p21.32	32700133	6	1e-16	HLA-DQB1 - MTCO3P1	36.841361487904734	964026871
145	rs3757247	6q15	90247744	6	1e-06	BACH2	13.815510557964274	1021574482
146	rs9388489	6q22.32	126377573	6	4e-13	CENPW - NA	28.547311847802703	1057704311
147	rs9268645	6p21.32	32440750	6	1e-100	HLA-DRA	230.25850929940458	963767488
148	rs11755527	6q15	90248512	6	5e-08	BACH2	16.811242831518264	1021575250
149	rs11755527	6q15	90248512	6	3e-08	BACH2	17.322068455284256	1021575250
150	rs11755527	6q15	90248512	6	1e-06	BACH2	13.815510557964274	1021575250
151	rs73043122	6q27	166969779	6	4e-06	RNASET2 - MIR3939	12.429216196844383	1098296517
152	rs138181578	6p21.1	45758094	6	7e-07	RUNX2 - NA	14.172185501903007	977084832
153	rs9354144	6q16.1	94847753	6	6e-06		12.02375108873622	1026174491
154	rs72928038	6q15	90267049	6	6e-14	BACH2	30.444431832688583	1021593787
155	rs1538171	6q22.32	126431738	6	7e-10	CENPW - MIR588	21.079940780885146	1057758476
156	rs114631266	6p22.1	29058810	6	2e-06	OR2W1 - OR2P1P	13.122363377404328	960385548
157	rs2471863	6p22.1	29931850	6	8e-07	HLA-K - HLA-U	14.038654109278484	961258588
158	rs34941730	6p22.1	29946109	6	2e-09	HLA-A - HLA-W	20.030118656386463	961272847
159	rs45626136	6p22.1	30345252	6	1e-06	RPP21, TRIM39-RPP21	13.815510557964274	961671990
160	rs116020851	6p21.33	30954755	6	3e-07	HCG21, SFTA2	15.01948336229021	962281493
161	rs1265057	6p21.33	31110838	6	2e-06	RNU6-1133P - C6orf15	13.122363377404328	962437576
162	rs116763857	6p21.33	31173705	6	1e-14	POU5F1	32.23619130191664	962500443
163	rs9264758	6p21.33	31280657	6	3e-07	RPL3P2	15.01948336229021	962607395
164	rs9501130	6p21.33	31449679	6	2e-11	LINC01149 - HCP5	24.635288842374557	962776417
165	rs3093664	6p21.33	31576865	6	3e-07	TNF	15.01948336229021	962903603
166	rs3134938	6p21.32	32238711	6	8e-07	NOTCH4 - TSBP1-AS1	14.038654109278484	963565449
167	rs926592	6p21.32	32337881	6	6e-06	TSBP1-AS1, TSBP1	12.02375108873622	963664619
168	rs3135365	6p21.32	32421478	6	9e-06	TSBP1-AS1 - HLA-DRA	11.618285980628055	963748216
169	rs9268576	6p21.32	32427864	6	2e-08	TSBP1-AS1 - HLA-DRA	17.72753356339242	963754602
170	rs7760731	6p21.32	32615624	6	6e-11	HLA-DRB1 - HLA-DQA1	23.53667655370645	963942362
171	rs9275358	6p21.32	32700118	6	3e-07	HLA-DQB1 - MTCO3P1	15.01948336229021	964026856
172	rs35122968	6p21.32	32714422	6	4e-11	MTCO3P1 - HLA-DQB3	23.942141661814613	964041160
173	rs3997848	6p21.32	32714617	6	2e-14	MTCO3P1 - HLA-DQB3	31.543044121356694	964041355
174	rs241427	6p21.32	32836637	6	4e-06	TAP2	12.429216196844383	964163375
175	rs4148870	6p21.32	32838614	6	2e-06	TAP2	13.122363377404328	964165352
176	rs3128930	6p21.32	33107889	6	7e-06	COL11A2P1 - HLA-DPB2	11.86960040890896	964434627
177	rs78824139	6q12	64748694	6	9e-06	EYS	11.618285980628055	996075432
178	rs1050979	6p25.3	410417	6	6e-14	IRF4	30.444431832688583	931737155
179	rs9405661	6p25.3	424915	6	2e-09	IRF4 - EXOC2	20.030118656386463	931751653
180	rs12665429	6q23.3	137682468	6	1e-13	NA - LINC02539	29.933606208922594	1069009206
181	rs212408	6q25.3	159049210	6	1e-15	TAGAP-AS1	34.538776394910684	1090375948
182	rs9405661	6p25.3	424915	6	2e-09	IRF4 - EXOC2	20.030118656386463	931751653
183	rs12665429	6q23.3	137682468	6	1e-13	NA - LINC02539	29.933606208922594	1069009206
184	rs212408	6q25.3	159049210	6	1e-15	TAGAP-AS1	34.538776394910684	1090375948
185	rs550448	7p15.1	28189423	7	5e-07	JAZF1-AS1	14.508657738524219	1129579962
186	rs4948088	7p12.1	50959497	7	4e-08	NA - COBL	17.034386382832473	1152350036
187	rs7804356	7p15.2	26852046	7	5e-09	SKAP2	19.11382792451231	1128242585
188	rs62447205	7p12.2	50398132	7	3e-08	IKZF1	17.322068455284256	1151788671
189	rs10277986	7p12.1	50961290	7	1e-07	NA - COBL	16.118095650958317	1152351829
190	rs6461299	7p21.1	17147155	7	2e-06	AHR	13.122363377404328	1118537694
191	rs10255565	7p13	43408191	7	1e-06	HECW1	13.815510557964274	1144798730
192	rs10258381	7p21.3	10057028	7	5e-06		12.206072645530174	1111447567
193	rs7805218	7p21.1	20339178	7	9e-09	ITGB8	18.526041259610192	1121729717
194	rs7795896	7q31.2	117446559	7	2e-16	CFTR	36.14821430734479	1218837098
195	rs17143056	7p21.1	20557306	7	2e-08	NA - EEF1A1P27	17.72753356339242	1121947845
196	rs10245867	7p15.1	28102567	7	3e-08	JAZF1	17.322068455284256	1129493106
197	rs17143056	7p21.1	20557306	7	2e-08	NA - EEF1A1P27	17.72753356339242	1121947845
198	rs10245867	7p15.1	28102567	7	3e-08	JAZF1	17.322068455284256	1129493106
199	rs12679857	8q24.12	118965098	8	4e-07	TNFRSF11B - RNU6-12P	14.73180128983843	1337802196
200	rs2410601	8p22	19065067	8	4e-06	PSD3	12.429216196844383	1237902165
201	rs4871297	8q24.13	122693916	8	2e-06	LINC01151	13.122363377404328	1341531014
202	rs571622299	8q21.11	72930288	8	6e-06	KCNB2	12.02375108873622	1291767386
203	rs35766765	8q24.22	132775726	8	3e-06	PHF20L1	12.716898269296165	1351612824
204	rs1947178	8q12.1	58959618	8	2e-09	TOX	20.030118656386463	1277796716
205	rs13259300	8q24.12	119070702	8	3e-10	COLEC10	21.927238641272346	1337907800
206	rs3802214	8q24.3	140606084	8	3e-08	AGO2	17.322068455284256	1359443182
207	rs2250903	8p23.1	11877675	8	1e-10	CTSB - OR7E158P	23.025850929940454	1230714773
208	rs2250903	8p23.1	11877675	8	1e-10	CTSB - OR7E158P	23.025850929940454	1230714773
209	rs10758593	9p24.2	4292083	9	3e-06	GLIS3	12.716898269296165	1363735265
210	rs7020673	9p24.2	4291747	9	5e-12	GLIS3	26.021583203494448	1363734929
211	rs657152	9q34.2	133263862	9	1e-13	ABO, ABO	29.933606208922594	1492707044
212	rs1970112	9p21.3	22085599	9	1e-08	CDKN2B-AS1	18.420680743952364	1381528781
213	rs143723948	9p13.2	37034098	9	6e-07	PAX5	14.326336181730264	1396477280
214	rs12344245	9q21.12	69340801	9	9e-06	FAM189A2	11.618285980628055	1428783983
215	rs12344245	9q21.12	69340801	9	9e-06	FAM189A2	11.618285980628055	1428783983
216	rs6476839	9p24.2	4290823	9	1e-09	GLIS3	20.72326583694641	1363734005
217	rs74629033	9p24.1	5421234	9	5e-06	PLGRKT	12.206072645530174	1364864416
218	rs10961433	9p22.3	14228472	9	2e-06	NFIB	13.122363377404328	1373671654
219	rs4837404	9q34.11	129743380	9	5e-06	PTGES	12.206072645530174	1489186562
220	rs541856133	9q34.13	133060938	9	4e-17	GTF3C5 - CEL	37.75765221977889	1492504120
221	rs1405209	9q31.1	99823263	9	3e-08	NR4A3, STX17-AS1	17.322068455284256	1459266445
222	rs1405209	9q31.1	99823263	9	3e-08	NR4A3, STX17-AS1	17.322068455284256	1459266445
223	rs10786436	10q24.2	98540425	10	8e-07	HPSE2	14.038654109278484	1591247469
224	rs1326934	10q24.1	95524324	10	6e-07	SORBS1	14.326336181730264	1588231368
225	rs947474	10p15.1	6348488	10	4e-09	LINC02649	19.33697147582652	1499055532
226	rs12251307	10p15.1	6081532	10	2e-06	RPL32P23 - RBM17	13.122363377404328	1498788576
227	rs11258747	10p15.1	6430929	10	1e-07	PRKCQ	16.118095650958317	1499137973
228	rs10509540	10q23.31	88263276	10	1e-28	NA - RNLS	64.47238260383328	1580970320
229	rs12251307	10p15.1	6081532	10	1e-13	RPL32P23 - RBM17	29.933606208922594	1498788576
230	rs12722495	10p15.1	6055320	10	1e-38	IL2RA	87.49823353377373	1498762364
231	rs113306148	10q26.13	122400322	10	3e-06	PLEKHA1	12.716898269296165	1615107366
232	rs117826205	10p12.31	19168458	10	6e-06	MALRD1	12.02375108873622	1511875502
233	rs61839660	10p15.1	6052734	10	3e-39	IL2RA	88.70220633809967	1498759778
234	rs10795791	10p15.1	6066377	10	6e-11	IL2RA - RPL32P23	23.53667655370645	1498773421
235	rs41295121	10p15.1	6087680	10	5e-08	RPL32P23 - RBM17	16.811242831518264	1498794724
236	rs12416116	10q23.31	88275897	10	4e-15	RNLS	33.1524820337908	1580982941
237	rs537544	10p14	8066419	10	9e-09	GATA3	18.526041259610192	1500773463
238	rs78325861	10q22.1	70618733	10	2e-11	PRF1 - ADAMTS14	24.635288842374557	1563325777
239	rs722988	10p11.22	33137219	10	3e-15	IATPR - NRP1	33.44016410624258	1525844263
240	rs722988	10p11.22	33137219	10	3e-15	IATPR - NRP1	33.44016410624258	1525844263
241	rs4084127	11q13.3	69781755	11	3e-06	FGF4 - FGF3	12.716898269296165	1684889121
242	rs1004446	11p15.5	2148913	11	4e-09	INS-IGF2	19.33697147582652	1617256279
243	rs3741208	11p15.5	2148544	11	2e-07	INS-IGF2, IGF2-AS	15.424948470398375	1617255910
244	rs7111341	11p15.5	2191936	11	4e-48	MIR4686 - ASCL2	109.13779010259431	1617299302
245	rs1004446	11p15.5	2148913	11	2.9999999999999994e-23	INS-IGF2	51.860844850194944	1617256279
246	rs689	11p15.5	2160994	11	4.9999999999999995e-196	INS-IGF2, INS	449.69724031439887	1617268360
247	rs3842727	11p15.5	2163618	11	3e-07	INS - TH	15.01948336229021	1617270984
248	rs10831551	11p15.5	2217058	11	5e-06	MIR4686 - ASCL2	12.206072645530174	1617324424
249	rs3842727	11p15.5	2163618	11	1e-07	INS - TH	16.118095650958317	1617270984
250	rs3842727	11p15.5	2163618	11	6e-06	INS - TH	12.02375108873622	1617270984
251	rs10625784	11q22.3	106323171	11	8e-07		14.038654109278484	1721430537
252	rs61879614	11p15.4	8058878	11	3e-06	TUB	12.716898269296165	1623166244
253	rs689	11p15.5	2160994	11	1e-100	INS-IGF2, INS	230.25850929940458	1617268360
254	rs72853903	11p15.5	2177435	11	6e-10	MIR4686 - ASCL2	21.2340914607124	1617284801
255	rs140215710	11p15.4	2881830	11	4e-08	KCNQ1DN - CDKN1C	17.034386382832473	1617989196
256	rs7936434	11q13.5	76582761	11	4e-08	EMSY - LINC02757	17.034386382832473	1691690127
257	rs607703	11q24.3	128734279	11	1e-10	FLI1	23.025850929940454	1743841645
258	rs79538630	11q12.2	60961822	11	1e-09	SLC15A3 - CD6	20.72326583694641	1676069188
259	rs645078	11q13.1	64367826	11	3e-09	RPS6KA4	19.624653548278303	1679475192
260	rs968567	11q12.2	61828092	11	8e-09	FADS1, FADS2	18.643824295266576	1676935458
261	rs605093	11q24.3	128734337	11	4e-09	FLI1	19.33697147582652	1743841703
262	rs11033048	11p13	35267496	11	2e-10	SLC1A2	22.33270374938051	1650374862
263	rs11033048	11p13	35267496	11	2e-10	SLC1A2	22.33270374938051	1650374862
264	rs79538630	11q12.2	60961822	11	1e-09	SLC15A3 - CD6	20.72326583694641	1676069188
265	rs968567	11q12.2	61828092	11	8e-09	FADS1, FADS2	18.643824295266576	1676935458
266	rs645078	11q13.1	64367826	11	3e-09	RPS6KA4	19.624653548278303	1679475192
267	rs605093	11q24.3	128734337	11	4e-09	FLI1	19.33697147582652	1743841703
268	rs17696736	12q24.13	112049014	12	6e-18	NAA25	39.654772204664766	1855890717
269	rs2292239	12q13.2	56088396	12	3e-16	ERBB3	35.74274919923662	1799930099
270	rs17696736	12q24.13	112049014	12	2e-16	NAA25	36.14821430734479	1855890717
271	rs2292239	12q13.2	56088396	12	2e-20	ERBB3	45.35855467932097	1799930099
272	rs1701704	12q13.2	56018703	12	9e-10	IKZF4	20.828626352604235	1799860406
273	rs614226	12q24.31	120536707	12	2e-06	RNF10	13.122363377404328	1864378410
274	rs2292239	12q13.2	56088396	12	2e-25	ERBB3	56.87148014429119	1799930099
275	rs3184504	12q24.12	111446804	12	3e-27	ATXN2, SH2B3	61.071185222171124	1855288507
276	rs4763879	12p13.31	9757568	12	2e-11	CD69	24.635288842374557	1753599271
277	rs2292239	12q13.2	56088396	12	3e-27	ERBB3	61.071185222171124	1799930099
278	rs3184504	12q24.12	111446804	12	2e-38	ATXN2, SH2B3	86.80508635321378	1855288507
279	rs1701704	12q13.2	56018703	12	5e-18	IKZF4	39.837093761458725	1799860406
280	rs3184504	12q24.12	111446804	12	4e-07	ATXN2, SH2B3	14.73180128983843	1855288507
281	rs705705	12q13.2	56041720	12	4e-32	RPS26	72.29642861468957	1799883423
282	rs653178	12q24.12	111569952	12	2e-44	ATXN2	100.62059691117807	1855411655
283	rs917911	12p13.31	9753255	12	2e-07	CD69	15.424948470398375	1753594958
284	rs7301381	12p13.31	8971336	12	5e-11	KLRG1	23.7189981105004	1752813039
285	rs1805731	12p13.31	8942630	12	4e-08	M6PR	17.034386382832473	1752784333
286	rs7313065	12q13.13	53077434	12	3e-09	SPRYD3	19.624653548278303	1796919137
287	rs1805731	12p13.31	8942630	12	4e-08	M6PR	17.034386382832473	1752784333
288	rs7313065	12q13.13	53077434	12	3e-09	SPRYD3	19.624653548278303	1796919137
289	rs539514	13q22.2	75752146	13	6e-11	LMO7	23.53667655370645	1940130556
290	rs9585056	13q32.3	99429512	13	3e-08	CCR12P - TM9SF2	17.322068455284256	1963807922
291	rs238265	13q14.11	42356523	13	2e-09	LINC02341	20.030118656386463	1906734933
292	rs74537115	13q14.11	42343795	13	5e-09	LINC02341	19.11382792451231	1906722205
293	rs74537115	13q14.11	42343795	13	5e-09	LINC02341	19.11382792451231	1906722205
294	rs10137082	14q11.2	23370824	14	6e-06	EFS - IL25	12.02375108873622	1987178746
295	rs941576	14q32.2	100839708	14	1e-10	MEG3	23.025850929940454	2064647630
296	rs878889	14q22.3	56754421	14	8e-07	NA - OTX2	14.038654109278484	2020562343
297	rs4900384	14q32.2	98032614	14	4e-09	LINC01550 - NA	19.33697147582652	2061840536
298	rs1465788	14q24.1	68796882	14	2e-12	ZFP36L1 - MAGOH3P	26.937873935368604	2032604804
299	rs1456988	14q32.2	98021670	14	3e-08	LINC01550 - NA	17.322068455284256	2061829592
300	rs56994090	14q32.2	100840110	14	1e-11	MEG3	25.328436022934504	2064648032
301	rs55846421	14q21.3	49843683	14	2e-09	NEMF	20.030118656386463	2013651605
302	rs911263	14q24.1	68286876	14	3e-08	RAD51B	17.322068455284256	2032094798
303	rs911263	14q24.1	68286876	14	3e-08	RAD51B	17.322068455284256	2032094798
304	rs3825932	15q25.1	78943104	15	3e-15	CTSH	33.44016410624258	2143591136
305	rs12437854	15q26.1	93598604	15	2e-09		20.030118656386463	2158246636
306	rs8035957	15q14	38546063	15	4e-06	RASGRP1	12.429216196844383	2103194095
307	rs3825932	15q25.1	78943104	15	8e-08	CTSH	16.34123920227253	2143591136
308	rs7171171	15q14	38614840	15	2e-07	RASGRP1 - LINC02694	15.424948470398375	2103262872
309	rs79237700	15q21.3	53449415	15	2e-06	LINC02490 - WDR72	13.122363377404328	2118097447
310	rs72727394	15q14	38554821	15	4e-10	RASGRP1	21.639556568820563	2103202853
311	rs34593439	15q25.1	78942615	15	9e-14	CTSH	30.038966724580423	2143590647
312	rs416603	16p13.13	11270222	16	3e-06	RMI2	12.716898269296165	2169516858
313	rs12708716	16p13.13	11086016	16	7e-13	CLEC16A	27.987696059867282	2169332652
314	rs2903692	16p13.13	11144926	16	7e-11	CLEC16A	23.382525873879192	2169391562
315	rs12708716	16p13.13	11086016	16	3e-18	CLEC16A	40.34791938522471	2169332652
316	rs7202877	16q23.1	75213347	16	3e-15	CTRB2 - CTRB1	33.44016410624258	2233459983
317	rs12444268	16p12.3	20331250	16	2e-07	GP2 - UMOD	15.424948470398375	2178577886
318	rs12708716	16p13.13	11086016	16	2e-16	CLEC16A	36.14821430734479	2169332652
319	rs4788084	16p11.2	28528527	16	3e-13	IL27 - NUPR1	28.834993920254487	2186775163
320	rs12708716	16p13.13	11086016	16	5e-14	CLEC16A	30.62675338948254	2169332652
321	rs4788084	16p11.2	28528527	16	1e-08	IL27 - NUPR1	18.420680743952364	2186775163
322	rs9934817	16p13.3	6086218	16	8e-06	RBFOX1	11.736069016284437	2164332854
323	rs151234	16p12.1	28494339	16	5e-11	CLN3	23.7189981105004	2186740975
324	rs12927355	16p13.13	11100914	16	3e-22	CLEC16A	49.5582597572009	2169347550
325	rs193778	16p13.13	11257354	16	4e-10	RMI2	21.639556568820563	2169503990
326	rs8056814	16q23.1	75218429	16	3e-19	CTRB2 - CTRB1	42.65050447821876	2233465065
327	rs1110458	16p12.2	22969144	16	8e-06	HS3ST2 - USP31	11.736069016284437	2181215780
328	rs4238595	16p12.3	20331769	16	2e-11	GP2 - UMOD	24.635288842374557	2178578405
329	rs8046043	16q23.2	80250127	16	2e-08		17.72753356339242	2238496763
330	rs4238595	16p12.3	20331769	16	2e-11	GP2 - UMOD	24.635288842374557	2178578405
331	rs4238595	16p12.3	20331769	16	2e-11	GP2 - UMOD	24.635288842374557	2178578405
332	rs2290400	17q21.1	39909987	17	6e-13	GSDMB	28.14184673969454	2278406750
333	rs16956936	17p13.1	7730374	17	5e-07	DNAH2	14.508657738524219	2246227137
334	rs7221109	17q21.2	40614034	17	1e-09	CCR7 - SMARCE1	20.72326583694641	2279110797
335	rs2872507	17q21.1	39884510	17	2e-06	ZPBP2 - GSDMB	13.122363377404328	2278381273
336	rs34319244	17p13.2	4424870	17	3e-06	UBE2G1 - SPNS3	12.716898269296165	2242921633
337	rs12453507	17q21.1	39896954	17	1e-08	ZPBP2 - GSDMB	18.420680743952364	2278393717
338	rs757411	17q21.2	40618898	17	1e-07	CCR7 - SMARCE1	16.118095650958317	2279115661
339	rs1052553	17q21.31	45996523	17	8e-08	MAPT	16.34123920227253	2284493286
340	rs2941522	17q12	39754115	17	7e-09	GRB7 - IKZF3	18.7773556878911	2278250878
341	rs61759532	17p13.1	7337072	17	2e-10	ACAP1	22.33270374938051	2245833835
342	rs11651753	17q21.32	47951723	17	1e-09	PNPO - PRR15L	20.72326583694641	2286448486
343	rs57209021	17q24.2	68168777	17	4e-08	RDM1P3 - ARHGAP27P2	17.034386382832473	2306665540
344	rs1052553	17q21.31	45996523	17	2e-15	MAPT	33.845629214350744	2284493286
345	rs2597169	17q21.32	47956725	17	3e-09	PRR15L	19.624653548278303	2286453488
346	rs1052553	17q21.31	45996523	17	2e-15	MAPT	33.845629214350744	2284493286
347	rs2597169	17q21.32	47956725	17	3e-09	PRR15L	19.624653548278303	2286453488
348	rs2542151	18p11.21	12779948	18	9e-08	LINC01882 - PTPN2	16.223456166616145	2319445488
349	rs763361	18q22.2	69864406	18	1e-08	CD226	18.420680743952364	2376529946
350	rs2542151	18p11.21	12779948	18	1e-14	LINC01882 - PTPN2	32.23619130191664	2319445488
351	rs1893217	18p11.21	12809341	18	4e-15	PTPN2	33.1524820337908	2319474881
352	rs763361	18q22.2	69864406	18	1e-09	CD226	20.72326583694641	2376529946
353	rs2542151	18p11.21	12779948	18	4e-13	LINC01882 - PTPN2	28.547311847802703	2319445488
354	rs113114656	18q21.1	47872985	18	2e-06	SMAD2	13.122363377404328	2354538525
355	rs1893217	18p11.21	12809341	18	1e-15	PTPN2	34.538776394910684	2319474881
356	rs12971201	18p11.21	12830539	18	2e-06	PTPN2	13.122363377404328	2319496079
357	rs1615504	18q22.2	69859408	18	2e-11	CD226	24.635288842374557	2376524948
358	rs2304256	19p13.2	10364976	19	4e-09	TYK2	19.33697147582652	2386894922
359	rs425105	19q13.32	46705224	19	3e-11	PRKD2	24.229823734266393	2423235170
360	rs2304256	19p13.2	10364976	19	1e-10	TYK2	23.025850929940454	2386894922
361	rs34536443	19p13.2	10352442	19	4e-15	TYK2	33.1524820337908	2386882388
362	rs12720356	19p13.2	10359299	19	4e-07	TYK2	14.73180128983843	2386889245
363	rs402072	19q13.32	46715865	19	5e-08	PRKD2	16.811242831518264	2423245811
364	rs516246	19q13.33	48702915	19	5e-14	FUT2	30.62675338948254	2425232861
365	rs6027506	20q13.33	60321657	20	5e-06	MIR646HG	12.206072645530174	2485554518
366	rs13045180	20q11.21	32943738	20	9e-06	EFCAB8	11.618285980628055	2458176599
367	rs11698685	20q13.33	60320788	20	1e-06	MIR646HG	13.815510557964274	2485553649
368	rs2281808	20p13	1629905	20	1e-11	SIRPG	25.328436022934504	2426862766
369	rs6055069	20p13	153643	20	1e-06	DEFB126 - DEFB127	13.815510557964274	2425386504
370	rs6043409	20p13	1635560	20	3e-10	SIRPG-AS1, SIRPG	21.927238641272346	2426868421
371	rs9976767	21q22.3	42416281	21	2e-08	UBASH3A	17.72753356339242	2527970799
372	rs11203203	21q22.3	42416077	21	2e-09	UBASH3A	20.030118656386463	2527970595
373	rs3788013	21q22.3	42421219	21	1e-07	UBASH3A	16.118095650958317	2527975737
374	rs67213764	21q21.1	19974842	21	9e-06	LINC01683 - NA	11.618285980628055	2505529360
375	rs12482425	21q21.2	23556791	21	9e-06		11.618285980628055	2509111309
376	rs11203202	21q22.3	42405248	21	1e-15	UBASH3A	34.538776394910684	2527959766
377	rs6518350	21q22.3	44201934	21	1e-07	GATD3A	16.118095650958317	2529756452
378	rs74203920	21q22.3	44294411	21	2e-08	AIRE	17.72753356339242	2529848929
379	rs56178904	21q22.3	44204668	21	7e-11	GATD3A	23.382525873879192	2529759186
380	rs56178904	21q22.3	44204668	21	7e-11	GATD3A	23.382525873879192	2529759186
381	rs229541	22q12.3	37195278	22	2e-08	C1QTNF6	17.72753356339242	2567044207
382	rs5753037	22q12.2	30185733	22	3e-16	HORMAD2 - LIF-AS1	35.74274919923662	2560034662
383	rs229541	22q12.3	37195278	22	2e-07	C1QTNF6	15.424948470398375	2567044207
384	rs743777	22q12.3	37155567	22	2e-06	IL2RB	13.122363377404328	2567004496
385	rs428595	22q11.21	21662102	22	2e-06	MIR130B - PPIL2	13.122363377404328	2551511031
386	rs428595	22q11.21	21662102	22	1e-06	MIR130B - PPIL2	13.815510557964274	2551511031
387	rs373009901	22q12.1	25592812	22	9e-06	GRK3	11.618285980628055	2555441741
388	rs4820830	22q12.2	30135102	22	1e-12	HORMAD2	27.63102111592855	2559984031
389	rs229533	22q12.3	37191071	22	2e-08	C1QTNF6	17.72753356339242	2567040000
