rsid	go_id
rs1538171	GO:0030170
rs1538171	GO:0003824
rs1538171	GO:0003870
rs1538171	GO:0009058
rs1538171	GO:0033014
rs1538171	GO:0044249
rs1538171	GO:0016887
rs1538171	GO:0005524
rs1538171	GO:0055085
rs1538171	GO:0016020
rs1538171	GO:0140359
rs1538171	GO:0000166
rs1538171	GO:0005524
rs1538171	GO:0016020
rs1538171	GO:0005524
rs1538171	GO:0055085
rs1538171	GO:0016020
rs1538171	GO:0140359
rs1538171	GO:0000166
rs1538171	GO:0005524
rs1538171	GO:0016020
rs1538171	GO:0004066
rs1538171	GO:0006529
rs1538171	GO:0000166
rs1538171	GO:0005524
rs4320356	GO:0030170
rs4320356	GO:0003824
rs4320356	GO:0003870
rs4320356	GO:0009058
rs4320356	GO:0033014
rs4320356	GO:0044249
rs4320356	GO:0016887
rs4320356	GO:0005524
rs4320356	GO:0055085
rs4320356	GO:0016020
rs4320356	GO:0140359
rs4320356	GO:0000166
rs4320356	GO:0005524
rs4320356	GO:0016020
rs4320356	GO:0005524
rs4320356	GO:0055085
rs4320356	GO:0016020
rs4320356	GO:0140359
rs4320356	GO:0000166
rs4320356	GO:0005524
rs4320356	GO:0016020
rs4320356	GO:0004066
rs4320356	GO:0006529
rs4320356	GO:0000166
rs4320356	GO:0005524
rs1770	GO:0030170
rs1770	GO:0003824
rs1770	GO:0003870
rs1770	GO:0009058
rs1770	GO:0033014
rs1770	GO:0044249
rs1770	GO:0016887
rs1770	GO:0005524
rs1770	GO:0055085
rs1770	GO:0016020
rs1770	GO:0140359
rs1770	GO:0000166
rs1770	GO:0005524
rs1770	GO:0016020
rs1770	GO:0005524
rs1770	GO:0055085
rs1770	GO:0016020
rs1770	GO:0140359
rs1770	GO:0000166
rs1770	GO:0005524
rs1770	GO:0016020
rs1770	GO:0004066
rs1770	GO:0006529
rs1770	GO:0000166
rs1770	GO:0005524
rs2647044	GO:0030170
rs2647044	GO:0003824
rs2647044	GO:0003870
rs2647044	GO:0009058
rs2647044	GO:0033014
rs2647044	GO:0044249
rs2647044	GO:0016887
rs2647044	GO:0005524
rs2647044	GO:0055085
rs2647044	GO:0016020
rs2647044	GO:0140359
rs2647044	GO:0000166
rs2647044	GO:0005524
rs2647044	GO:0016020
rs2647044	GO:0005524
rs2647044	GO:0055085
rs2647044	GO:0016020
rs2647044	GO:0140359
rs2647044	GO:0000166
rs2647044	GO:0005524
rs2647044	GO:0016020
rs2647044	GO:0004066
rs2647044	GO:0006529
rs2647044	GO:0000166
rs2647044	GO:0005524
rs11755527	GO:0030170
rs11755527	GO:0003824
rs11755527	GO:0003870
rs11755527	GO:0009058
rs11755527	GO:0033014
rs11755527	GO:0044249
rs11755527	GO:0016887
rs11755527	GO:0005524
rs11755527	GO:0055085
rs11755527	GO:0016020
rs11755527	GO:0140359
rs11755527	GO:0000166
rs11755527	GO:0005524
rs11755527	GO:0016020
rs11755527	GO:0005524
rs11755527	GO:0055085
rs11755527	GO:0016020
rs11755527	GO:0140359
rs11755527	GO:0000166
rs11755527	GO:0005524
rs11755527	GO:0016020
rs11755527	GO:0004066
rs11755527	GO:0006529
rs11755527	GO:0000166
rs11755527	GO:0005524
rs9388489	GO:0030170
rs9388489	GO:0003824
rs9388489	GO:0003870
rs9388489	GO:0009058
rs9388489	GO:0033014
rs9388489	GO:0044249
rs9388489	GO:0016887
rs9388489	GO:0005524
rs9388489	GO:0055085
rs9388489	GO:0016020
rs9388489	GO:0140359
rs9388489	GO:0000166
rs9388489	GO:0005524
rs9388489	GO:0016020
rs9388489	GO:0005524
rs9388489	GO:0055085
rs9388489	GO:0016020
rs9388489	GO:0140359
rs9388489	GO:0000166
rs9388489	GO:0005524
rs9388489	GO:0016020
rs9388489	GO:0004066
rs9388489	GO:0006529
rs9388489	GO:0000166
rs9388489	GO:0005524
rs9268645	GO:0030170
rs9268645	GO:0003824
rs9268645	GO:0003870
rs9268645	GO:0009058
rs9268645	GO:0033014
rs9268645	GO:0044249
rs9268645	GO:0016887
rs9268645	GO:0005524
rs9268645	GO:0055085
rs9268645	GO:0016020
rs9268645	GO:0140359
rs9268645	GO:0000166
rs9268645	GO:0005524
rs9268645	GO:0016020
rs9268645	GO:0005524
rs9268645	GO:0055085
rs9268645	GO:0016020
rs9268645	GO:0140359
rs9268645	GO:0000166
rs9268645	GO:0005524
rs9268645	GO:0016020
rs9268645	GO:0004066
rs9268645	GO:0006529
rs9268645	GO:0000166
rs9268645	GO:0005524
rs9272346	GO:0030170
rs9272346	GO:0003824
rs9272346	GO:0003870
rs9272346	GO:0009058
rs9272346	GO:0033014
rs9272346	GO:0044249
rs9272346	GO:0016887
rs9272346	GO:0005524
rs9272346	GO:0055085
rs9272346	GO:0016020
rs9272346	GO:0140359
rs9272346	GO:0000166
rs9272346	GO:0005524
rs9272346	GO:0016020
rs9272346	GO:0005524
rs9272346	GO:0055085
rs9272346	GO:0016020
rs9272346	GO:0140359
rs9272346	GO:0000166
rs9272346	GO:0005524
rs9272346	GO:0016020
rs9272346	GO:0004066
rs9272346	GO:0006529
rs9272346	GO:0000166
rs9272346	GO:0005524
rs3757247	GO:0030170
rs3757247	GO:0003824
rs3757247	GO:0003870
rs3757247	GO:0009058
rs3757247	GO:0033014
rs3757247	GO:0044249
rs3757247	GO:0016887
rs3757247	GO:0005524
rs3757247	GO:0055085
rs3757247	GO:0016020
rs3757247	GO:0140359
rs3757247	GO:0000166
rs3757247	GO:0005524
rs3757247	GO:0016020
rs3757247	GO:0005524
rs3757247	GO:0055085
rs3757247	GO:0016020
rs3757247	GO:0140359
rs3757247	GO:0000166
rs3757247	GO:0005524
rs3757247	GO:0016020
rs3757247	GO:0004066
rs3757247	GO:0006529
rs3757247	GO:0000166
rs3757247	GO:0005524
rs924043	GO:0030170
rs924043	GO:0003824
rs924043	GO:0003870
rs924043	GO:0009058
rs924043	GO:0033014
rs924043	GO:0044249
rs924043	GO:0016887
rs924043	GO:0005524
rs924043	GO:0055085
rs924043	GO:0016020
rs924043	GO:0140359
rs924043	GO:0000166
rs924043	GO:0005524
rs924043	GO:0016020
rs924043	GO:0005524
rs924043	GO:0055085
rs924043	GO:0016020
rs924043	GO:0140359
rs924043	GO:0000166
rs924043	GO:0005524
rs924043	GO:0016020
rs924043	GO:0004066
rs924043	GO:0006529
rs924043	GO:0000166
rs924043	GO:0005524
rs1050979	GO:0030170
rs1050979	GO:0003824
rs1050979	GO:0003870
rs1050979	GO:0009058
rs1050979	GO:0033014
rs1050979	GO:0044249
rs1050979	GO:0016887
rs1050979	GO:0005524
rs1050979	GO:0055085
rs1050979	GO:0016020
rs1050979	GO:0140359
rs1050979	GO:0000166
rs1050979	GO:0005524
rs1050979	GO:0016020
rs1050979	GO:0005524
rs1050979	GO:0055085
rs1050979	GO:0016020
rs1050979	GO:0140359
rs1050979	GO:0000166
rs1050979	GO:0005524
rs1050979	GO:0016020
rs1050979	GO:0004066
rs1050979	GO:0006529
rs1050979	GO:0000166
rs1050979	GO:0005524
rs9405661	GO:0030170
rs9405661	GO:0003824
rs9405661	GO:0003870
rs9405661	GO:0009058
rs9405661	GO:0033014
rs9405661	GO:0044249
rs9405661	GO:0016887
rs9405661	GO:0005524
rs9405661	GO:0055085
rs9405661	GO:0016020
rs9405661	GO:0140359
rs9405661	GO:0000166
rs9405661	GO:0005524
rs9405661	GO:0016020
rs9405661	GO:0005524
rs9405661	GO:0055085
rs9405661	GO:0016020
rs9405661	GO:0140359
rs9405661	GO:0000166
rs9405661	GO:0005524
rs9405661	GO:0016020
rs9405661	GO:0004066
rs9405661	GO:0006529
rs9405661	GO:0000166
rs9405661	GO:0005524
rs12665429	GO:0030170
rs12665429	GO:0003824
rs12665429	GO:0003870
rs12665429	GO:0009058
rs12665429	GO:0033014
rs12665429	GO:0044249
rs12665429	GO:0016887
rs12665429	GO:0005524
rs12665429	GO:0055085
rs12665429	GO:0016020
rs12665429	GO:0140359
rs12665429	GO:0000166
rs12665429	GO:0005524
rs12665429	GO:0016020
rs12665429	GO:0005524
rs12665429	GO:0055085
rs12665429	GO:0016020
rs12665429	GO:0140359
rs12665429	GO:0000166
rs12665429	GO:0005524
rs12665429	GO:0016020
rs12665429	GO:0004066
rs12665429	GO:0006529
rs12665429	GO:0000166
rs12665429	GO:0005524
rs212408	GO:0030170
rs212408	GO:0003824
rs212408	GO:0003870
rs212408	GO:0009058
rs212408	GO:0033014
rs212408	GO:0044249
rs212408	GO:0016887
rs212408	GO:0005524
rs212408	GO:0055085
rs212408	GO:0016020
rs212408	GO:0140359
rs212408	GO:0000166
rs212408	GO:0005524
rs212408	GO:0016020
rs212408	GO:0005524
rs212408	GO:0055085
rs212408	GO:0016020
rs212408	GO:0140359
rs212408	GO:0000166
rs212408	GO:0005524
rs212408	GO:0016020
rs212408	GO:0004066
rs212408	GO:0006529
rs212408	GO:0000166
rs212408	GO:0005524
rs72928038	GO:0030170
rs72928038	GO:0003824
rs72928038	GO:0003870
rs72928038	GO:0009058
rs72928038	GO:0033014
rs72928038	GO:0044249
rs72928038	GO:0016887
rs72928038	GO:0005524
rs72928038	GO:0055085
rs72928038	GO:0016020
rs72928038	GO:0140359
rs72928038	GO:0000166
rs72928038	GO:0005524
rs72928038	GO:0016020
rs72928038	GO:0005524
rs72928038	GO:0055085
rs72928038	GO:0016020
rs72928038	GO:0140359
rs72928038	GO:0000166
rs72928038	GO:0005524
rs72928038	GO:0016020
rs72928038	GO:0004066
rs72928038	GO:0006529
rs72928038	GO:0000166
rs72928038	GO:0005524
rs2045258	GO:0030170
rs2045258	GO:0003824
rs2045258	GO:0003870
rs2045258	GO:0009058
rs2045258	GO:0033014
rs2045258	GO:0044249
rs2045258	GO:0016887
rs2045258	GO:0005524
rs2045258	GO:0055085
rs2045258	GO:0016020
rs2045258	GO:0140359
rs2045258	GO:0000166
rs2045258	GO:0005524
rs2045258	GO:0016020
rs2045258	GO:0005524
rs2045258	GO:0055085
rs2045258	GO:0016020
rs2045258	GO:0140359
rs2045258	GO:0000166
rs2045258	GO:0005524
rs2045258	GO:0016020
rs2045258	GO:0004066
rs2045258	GO:0006529
rs2045258	GO:0000166
rs2045258	GO:0005524
rs9273363	GO:0030170
rs9273363	GO:0003824
rs9273363	GO:0003870
rs9273363	GO:0009058
rs9273363	GO:0033014
rs9273363	GO:0044249
rs9273363	GO:0016887
rs9273363	GO:0005524
rs9273363	GO:0055085
rs9273363	GO:0016020
rs9273363	GO:0140359
rs9273363	GO:0000166
rs9273363	GO:0005524
rs9273363	GO:0016020
rs9273363	GO:0005524
rs9273363	GO:0055085
rs9273363	GO:0016020
rs9273363	GO:0140359
rs9273363	GO:0000166
rs9273363	GO:0005524
rs9273363	GO:0016020
rs9273363	GO:0004066
rs9273363	GO:0006529
rs9273363	GO:0000166
rs9273363	GO:0005524
rs1578060	GO:0030170
rs1578060	GO:0003824
rs1578060	GO:0003870
rs1578060	GO:0009058
rs1578060	GO:0033014
rs1578060	GO:0044249
rs1578060	GO:0016887
rs1578060	GO:0005524
rs1578060	GO:0055085
rs1578060	GO:0016020
rs1578060	GO:0140359
rs1578060	GO:0000166
rs1578060	GO:0005524
rs1578060	GO:0016020
rs1578060	GO:0005524
rs1578060	GO:0055085
rs1578060	GO:0016020
rs1578060	GO:0140359
rs1578060	GO:0000166
rs1578060	GO:0005524
rs1578060	GO:0016020
rs1578060	GO:0004066
rs1578060	GO:0006529
rs1578060	GO:0000166
rs1578060	GO:0005524
rs138748427	GO:0030170
rs138748427	GO:0003824
rs138748427	GO:0003870
rs138748427	GO:0009058
rs138748427	GO:0033014
rs138748427	GO:0044249
rs138748427	GO:0016887
rs138748427	GO:0005524
rs138748427	GO:0055085
rs138748427	GO:0016020
rs138748427	GO:0140359
rs138748427	GO:0000166
rs138748427	GO:0005524
rs138748427	GO:0016020
rs138748427	GO:0005524
rs138748427	GO:0055085
rs138748427	GO:0016020
rs138748427	GO:0140359
rs138748427	GO:0000166
rs138748427	GO:0005524
rs138748427	GO:0016020
rs138748427	GO:0004066
rs138748427	GO:0006529
rs138748427	GO:0000166
rs138748427	GO:0005524
rs9273367	GO:0030170
rs9273367	GO:0003824
rs9273367	GO:0003870
rs9273367	GO:0009058
rs9273367	GO:0033014
rs9273367	GO:0044249
rs9273367	GO:0016887
rs9273367	GO:0005524
rs9273367	GO:0055085
rs9273367	GO:0016020
rs9273367	GO:0140359
rs9273367	GO:0000166
rs9273367	GO:0005524
rs9273367	GO:0016020
rs9273367	GO:0005524
rs9273367	GO:0055085
rs9273367	GO:0016020
rs9273367	GO:0140359
rs9273367	GO:0000166
rs9273367	GO:0005524
rs9273367	GO:0016020
rs9273367	GO:0004066
rs9273367	GO:0006529
rs9273367	GO:0000166
rs9273367	GO:0005524
rs17711850	GO:0030170
rs17711850	GO:0003824
rs17711850	GO:0003870
rs17711850	GO:0009058
rs17711850	GO:0033014
rs17711850	GO:0044249
rs17711850	GO:0016887
rs17711850	GO:0005524
rs17711850	GO:0055085
rs17711850	GO:0016020
rs17711850	GO:0140359
rs17711850	GO:0000166
rs17711850	GO:0005524
rs17711850	GO:0016020
rs17711850	GO:0005524
rs17711850	GO:0055085
rs17711850	GO:0016020
rs17711850	GO:0140359
rs17711850	GO:0000166
rs17711850	GO:0005524
rs17711850	GO:0016020
rs17711850	GO:0004066
rs17711850	GO:0006529
rs17711850	GO:0000166
rs17711850	GO:0005524