rsid	allele	cadd_phred	cadd_raw
rs28600853	A	0.426	-0.23667
rs17407280	T	2.856	0.176149
rs10751776	C	3.989	0.274309
rs574384	A	0.715	-0.131026
rs386630424	GTG	-	-
rs1569836568	-	-	-
rs12742756	G	5.103	0.37102
rs34349547	C	1.074	-0.045946
rs79236527	G	0.089	-0.558989
rs2269247	G	0.374	-0.262948
rs2269241	C	2.681	0.159973
rs855330	C	0.73	-0.126755
rs559043037	C	0.186	-0.406721
rs1983853	T	6.586	0.507852
rs34090353	A	1.275	-0.009848
rs61343935	TTTTTTT	-	-
rs2153977	A	7.511	0.599838
rs6679677	A	2.392	0.131933
rs2476601	G	16.59	1.634139
rs1217403	C	7.34	0.582317
rs2358994	A	0.189	-0.403964
rs2641348	G	0.261	-0.336372
rs1493696	A	0.678	-0.142084
rs998500	C	12.63	1.08562
rs2229238	A	0.029	-0.778785
rs7528684	C	1.343	0.0012
rs857786	T	0.273	-0.32769
rs10919543	G	0.324	-0.292331
rs78037977	G	19.24	1.9982
rs114721354	T	6.626	0.511636
rs2816313	A	2.747	0.166119
rs2990510	G	6.303	0.480808
rs570794153	AAAAAAAAAA	1.903	0.07818
rs6691977	A	0.193	-0.399509
rs138760780	T	2.043	0.094528
rs3024505	A	2.927	0.182594
rs3024493	A	11.69	1.00535
rs7524087	G	14	1.247087
rs12128789	C	4.642	0.33056
rs11120029	T	6.488	0.498478
rs191521884	A	0.77	-0.115631
rs559047	A	1.204	-0.021997
rs61839660	T	19.35	2.012409
rs12722495	C	2.968	0.186268
rs706779	C	4.871	0.350542
rs3118470	A	1.63	0.043261
rs10795791	G	2.411	0.133833
rs72776098	A	1.787	0.063917
rs12251307	G	1.403	0.010527
rs41295121	T	0.104	-0.527759
rs947474	A	0.83	-0.099747
rs11258747	C	24.5	3.422825
rs3802604	A	16.86	1.675312
rs537544	T	0.5	-0.204411
rs117826205	C	5.523	0.408683
rs722988	A	1.197	-0.023187
rs1816797	C	0.24	-0.354226
rs78325861	G	0.498	-0.204981
rs10509540	C	0.404	-0.247222
rs12416116	A	0.177	-0.417465
rs10788599	A	4.034	0.278157
rs1326934	T	5.606	0.416219
rs10786436	T	5.15	0.375234
rs7903146	G	3.129	0.200504
rs544143586	A	0.441	-0.229629
rs113306148	A	2.823	0.173114
rs10829984	G	2.63	0.155212
rs78896587	A	0.784	-0.111916
rs4244808	A	3.635	0.244095
rs4366464	A	0.72	-0.129511
rs3741208	G	0.922	-0.077874
rs1004446	A	4.626	0.329187
rs3842753	A	5.692	0.424042
rs689	G	0.989	-0.063195
rs3842727	T	5.141	0.374479
rs4929965	G	0.872	-0.089408
rs72853903	T	0.333	-0.286622
rs7111341	T	0.644	-0.152911
rs7937915	G	2.386	0.131272
rs10831551	C	5.013	0.363092
rs2237897	T	3.966	0.272369
rs140215710	A	0.068	-0.614815
rs61879614	C	9.484	0.809259
rs4638289	C	0.49	-0.208476
rs7128060	T	1.236	-0.016406
rs190446914	G	4.284	0.299539
rs11033048	G	1.565	0.034295
rs79538630	T	4.319	0.302629
rs968567	T	12.26	1.052068
rs645078	C	0.315	-0.297551
rs312024	A	3.031	0.191809
rs4084127	A	0.116	-0.504125
rs7936434	C	2.15	0.10657
rs188260549	T	1.593	0.038239
rs10625784	AAAAA	1.05	-0.050564
rs607703	A	1.026	-0.05552
rs605093	T	0.157	-0.442396
rs1805731	C	5.614	0.41695
rs7301381	A	1.161	-0.029485
rs3764021	T	2.677	0.159677
rs11052552	G	1.486	0.022965
rs917911	C	4.452	0.31406
rs4763879	A	0.177	-0.417021
rs7313065	A	0.053	-0.661437
rs705699	A	17.47	1.76375
rs1701704	A	7.641	0.613309
rs705705	C	2.955	0.185036
rs10876866	A	0.897	-0.083516
rs11171739	G	6.263	0.477048
rs2292239	G	0.73	-0.126834
rs17178006	G	17.79	1.808399
rs2255593	G	0.121	-0.495782
rs2250519	A	5.476	0.404451
rs1265564	C	0.708	-0.133066
rs3184504	A	10.09	0.867264
rs653178	G	0.07	-0.606997
rs17696736	G	13.31	1.159729
rs614226	T	8.473	0.701929
rs7300146	C	3.877	0.264702
rs74537115	T	1.312	-0.003685
rs238265	A	2.753	0.166689
rs539514	C	1.405	0.010833
rs9585056	A	0.186	-0.406549
rs188683350	T	0.237	-0.356685
rs11157552	C	1.18	-0.02614
rs4389079	G	0.136	-0.471944
rs10137082	T	1.059	-0.048818
rs55846421	C	11.9	1.022191
rs878889	A	0.146	-0.457468
rs911263	A	0.919	-0.078606
rs1465788	C	5.499	0.406535
rs148758429	A	0.115	-0.507589
rs1456988	C	3.105	0.198353
rs4900384	C	6.735	0.522211
rs941576	G	5.977	0.45028
rs56994090	A	4.963	0.3587
rs77081773	C	4.951	0.357657
rs8035957	A	0.026	-0.795291
rs72727394	T	0.262	-0.335575
rs7171171	G	3.487	0.231467
rs182087948	A	2.628	0.155028
rs79237700	C	2.435	0.136222
rs188453055	T	2.271	0.119507
rs34593439	A	1.386	0.007964
rs3825932	C	1.186	-0.025179
rs7167984	A	13.51	1.184741
rs12437854	G	11.25	0.970744
rs9934817	G	1.915	0.07965
rs74956101	C	1.828	0.068979
rs12708716	G	2.507	0.143378
rs12927355	A	0.265	-0.333701
rs741172	T	0.609	-0.164379
rs2903692	A	5.413	0.398748
rs193778	G	14.89	1.372033
rs416603	T	0.051	-0.668969
rs12444268	A	2.083	0.099064
rs4238595	C	0.987	-0.063622
rs1110458	T	0.195	-0.397003
rs151234	A	11.15	0.962465
rs4788084	T	9.16	0.776408
rs562286756	A	3.894	0.266219
rs113935429	TTTTT	0.977	-0.065607
rs187229894	G	5.961	0.448777
rs117426660	G	1.669	0.048557
rs72802342	A	4.188	0.291299
rs7202877	C	3.249	0.210944
rs7202844	G	0.52	-0.196313
rs8056814	A	0.126	-0.487892
rs8046043	A	3.672	0.247239
rs34319244	TTTTTTTTTTT	0.686	-0.139609
rs61759532	A	17.49	1.76694
rs16956936	A	1.406	0.011045
rs2941522	G	4.171	0.289837
rs2872507	A	0.418	-0.240549
rs12453507	G	0.325	-0.291675
rs2290400	C	0.356	-0.272633
rs56380902	A	1.941	0.082777
rs7221109	A	0.068	-0.613709
rs757411	T	4.06	0.280339
rs1052553	G	3.158	0.202978
rs11651753	T	9.646	0.825247
rs2597169	C	10.53	0.908651
rs57209021	G	0.253	-0.342789
rs2542148	G	4.596	0.326509
rs2847278	A	1.316	-0.00318
rs2542151	T	1.04	-0.052662
rs1893217	G	1.292	-0.007078
rs12971201	A	8.321	0.685428
rs550543239	C	6.149	0.466316
rs113114656	T	5.539	0.410161
rs144833113	T	4.825	0.346575
rs118037200	A	0.101	-0.534004
rs144512578	G	1.956	0.084451
rs146427450	T	0.663	-0.146715
rs1615504	C	4.881	0.351431
rs763361	A	9.406	0.801415
rs74956615	A	14.82	1.361456
rs34536443	C	25.1	3.622372
rs12720356	C	32	4.635133
rs2304256	A	8.191	0.671503
rs7351085	C	0.928	-0.07653
rs563597519	T	1.743	0.058228
rs45518931	T	7.823	0.632342
rs752049703	A	1.687	0.050916
rs189285397	G	7.734	0.622937
rs425105	C	3.18	0.204936
rs402072	C	17.52	1.770186
rs553696081	T	1.873	0.074517
rs516246	T	4.742	0.339264
rs1881146	T	1.588	0.037588
rs1534422	A	0.632	-0.15656
rs10169963	G	1.504	0.025615
rs2165738	G	5.362	0.394146
rs478222	C	9.251	0.785776
rs185443605	T	0.293	-0.312635
rs896487664	T	2.091	0.099994
rs6547853	A	5.185	0.378354
rs6544495	A	3.809	0.258945
rs1962386	T	0.847	-0.095609
rs185135749	T	1.249	-0.014253
rs7567242	A	0.29	-0.31487
rs12464462	G	1.683	0.050374
rs70962766	TTTTTTTTTTTT	2.05	0.095336
rs143757929	C	4.957	0.358111
rs7583877	T	0.019	-0.847661
rs12712067	T	12.37	1.061525
rs13415583	A	0.179	-0.415292
rs9653442	T	0.854	-0.093896
rs4849135	C	0.599	-0.167635
rs140423469	T	4.95	0.357511
rs1344228	T	7.204	0.56859
rs520449	A	0.261	-0.336676
rs842353	A	0.403	-0.247917
rs10171677	G	0.917	-0.078995
rs6723108	A	3.314	0.216553
rs6430545	A	4.651	0.331296
rs10928520	A	0.659	-0.147891
rs1979033	A	0.347	-0.278136
rs7570971	A	6.184	0.469606
rs6730157	G	0.285	-0.318361
rs1375131	C	2.192	0.111056
rs935613	A	0.097	-0.542294
rs2016636	A	0.931	-0.075816
rs6709525	A	0.725	-0.128114
rs6735329	A	2.297	0.12221
rs1219701875	-	0.433	-0.233298
rs12465802	A	0.237	-0.356264
rs62168795	A	0.623	-0.159516
rs6739713	C	5.374	0.395271
rs13404551	A	0.638	-0.154855
rs4954387	C	2.148	0.106272
rs28815269	A	2.216	0.113662
rs34800387	A	5.3	0.38861
rs192324744	A	2.161	0.107718
rs17206992	G	4.582	0.325358
rs77155259	A	0.102	-0.531727
rs2111485	G	2.133	0.104627
rs1990760	T	9.184	0.778824
rs35667974	C	23.5	3.037456
rs72871627	G	12.19	1.046315
rs984971	C	0.586	-0.172233
rs60587303	C	0.162	-0.435545
rs836589	C	1.13	-0.035162
rs4972593	A	2.473	0.13997
rs113517532	GATGATG	18.67	1.923666
rs7582694	G	0.082	-0.574852
rs926169	A	2.096	0.100549
rs3087243	A	0.539	-0.188973
rs7588550	A	0.003	-1.131961
rs555206121	C	4.007	0.275801
rs181176493	A	1.723	0.055602
rs13018977	A	0.619	-0.160907
rs10933559	G	3.698	0.249441
rs6055069	A	3.089	0.196923
rs2281808	A	1.223	-0.018542
rs6043409	G	0.957	-0.070068
rs543301155	C	4.606	0.327453
rs13045180	T	39	7.693191
rs11698685	A	0.349	-0.277026
rs6027506	G	4.474	0.315982
rs67213764	G	0.731	-0.126489
rs2128344	A	2.818	0.172685
rs12482425	A	5.333	0.39157
rs531381284	A	1.023	-0.056135
rs11203202	G	1.475	0.021335
rs9981624	C	4.279	0.299119
rs11203203	A	0.758	-0.118763
rs9976767	G	0.905	-0.081622
rs3788013	A	0.148	-0.454048
rs1893592	C	16.09	1.554877
rs6518350	G	10.35	0.891909
rs56178904	T	0.963	-0.068727
rs74203920	A	14.81	1.359836
rs1568959252	GGATGGTGCCCTGTCCCCTCACCTTGG	-	-
rs428595	G	1.187	-0.024989
rs373009901	C	0.122	-0.494105
rs4820830	G	1.774	0.062195
rs4336042	A	1.288	-0.007624
rs5753037	A	15.51	1.464598
rs743777	C	0.162	-0.435977
rs229533	C	1.305	-0.004829
rs229541	A	0.25	-0.3459
rs73018809	T	2.612	0.153482
rs553806124	G	0.104	-0.528023
rs950146	T	2.407	0.133395
rs113010081	C	4.881	0.351477
rs11130569	C	15.42	1.450431
rs62251992	G	2.062	0.096738
rs1480207964	AG	20.2	2.11279
rs60701868	G	0.319	-0.295556
rs36146296	G	4.792	0.343627
rs11705721	C	4.389	0.308653
rs9870517	C	4.151	0.288175
rs4688508	C	1.389	0.008424
rs9850225	C	9.291	0.789833
rs28641753	T	0.09	-0.556634
rs9810233	C	13.08	1.13296
rs111821448	T	2.235	0.115669
rs144520550	T	0.903	-0.082286
rs113881148	A	3.795	0.257749
rs56337234	A	0.377	-0.261382
rs78031527	A	0.801	-0.107197
rs186775995	G	0.153	-0.447317
rs10517086	A	10.48	0.904593
rs337637	A	2.213	0.113379
rs139881548	T	1.248	-0.014333
rs34459306	G	0.631	-0.157069
rs146172950	A	16.73	1.655308
rs7679475	C	7.656	0.614853
rs4505848	G	1.63	0.043308
rs6534347	G	2.663	0.158279
rs75793288	A	1.319	-0.002689
rs17388568	A	10.41	0.898197
rs2069762	C	18.6	1.913834
rs13147255	A	0.165	-0.431616
rs28720060	C	9.27	0.787717
rs2611215	C	1.587	0.037418
rs34740712	C	8.067	0.65812
rs11723864	G	0.65	-0.150727
rs11725853	A	1.937	0.08228
rs12644686	G	1.479	0.021985
rs11959635	A	0.317	-0.296509
rs143537377	C	7.366	0.584992
rs6897932	A	16.31	1.590433
rs11954020	G	1.436	0.015524
rs1445898	A	10.21	0.878646
rs1876142	T	8.531	0.708328
rs10213692	C	4.779	0.342499
rs4513644	C	1.406	0.010987
rs115829748	T	1.285	-0.008242
rs4704666	A	1.542	0.030994
rs75205348	A	5.151	0.375356
rs114378220	T	17.94	1.828509
rs766751473	G	2.647	0.156805
rs17166496	C	2.465	0.139199
rs574480779	AAAAAAAAAAAA	0.548	-0.185847
rs1050979	C	5.587	0.414478
rs9405661	A	1.898	0.077535
rs541715332	A	1.139	-0.033542
rs116418977	T	1.687	0.050901
rs62392365	T	0.558	-0.182148
rs35789010	A	2.079	0.098703
rs68006638	A	1.612	0.040833
rs13201341	T	6.21	0.47207
rs13211947	T	0.167	-0.428757
rs3884025	A	0.777	-0.113757
rs34888489	A	1.628	0.043077
rs34961555	G	0.568	-0.178461
rs55706012	C	2.524	0.14505
rs13220522	A	0.328	-0.289869
rs75782365	G	0.549	-0.185582
rs4320356	T	1.191	-0.02426
rs13195401	A	39	7.77429
rs13198716	T	5.131	0.373522
rs1425018091	G	2.463	0.139058
rs71557351	C	7.008	0.549007
rs71206067	T	0.943	-0.073196
rs13207365	C	6.715	0.520268
rs55834529	G	6.928	0.541094
rs35768595	T	0.582	-0.173587
rs72839445	A	0.365	-0.267557
rs34196306	C	1.081	-0.044496
rs6904596	A	4.382	0.308034
rs888169813	T	3.747	0.253652
rs35715914	T	2.964	0.18591
rs35927079	AAAAAAAAAA	-	-
rs13202295	T	2.36	0.128635
rs13195728	C	3.429	0.226432
rs1170010108	TT	0.495	-0.206475
rs34788973	A	23.6	3.081569
rs71559067	T	1.936	0.082111
rs35952432	T	3.038	0.192465
rs13217984	T	8.142	0.666166
rs13205211	G	3.334	0.218246
rs13191786	A	2.268	0.119121
rs13198809	A	5.222	0.381688
rs398110012	AAA	-	-
rs34676049	G	3.274	0.213059
rs35044849	G	2	0.089639
rs35243068	A	0.731	-0.126437
rs3131337	A	0.295	-0.311682
rs3131071	G	5.002	0.362087
rs1259270189	A	4.695	0.335154
rs114631266	A	1.246	-0.014707
rs866264659	T	4.472	0.315762
rs3130831	A	4.809	0.345107
rs3117342	C	3.435	0.227016
rs9257809	G	3.379	0.222173
rs1233488	A	1.211	-0.020654
rs413670	A	2.077	0.098477
rs3131856	C	2.349	0.127512
rs430133	G	4.182	0.290831
rs9258375	G	3.507	0.233121
rs2471863	T	0.195	-0.397061
rs9260151	G	10.84	0.936887
rs34941730	G	5	0.361971
rs9260324	A	3.329	0.217853
rs3115631	A	3.652	0.245547
rs8321	C	7.339	0.582193
rs2523989	T	0.982	-0.064662
rs61211515	TTTTTTTTTT	1.781	0.06311
rs1970	T	0.775	-0.114267
rs2517609	G	6.591	0.508355
rs3094067	A	2.237	0.115916
rs45626136	A	2.327	0.125307
rs3094053	G	7.691	0.61846
rs3132645	C	1.014	-0.057919
rs1222508183	TTTTTTTTTTTT	0.705	-0.134115
rs3132610	G	2.208	0.11282
rs9262143	G	24	3.245351
rs3130658	T	0.656	-0.149049
rs1405122185	-	1.53	0.0294
rs886424	T	1.393	0.009073
rs2517578	C	0.873	-0.089205
rs116020851	T	4.41	0.310423
rs1462821813	CCACAG	-	-
rs1632863	G	3.053	0.193801
rs1265057	C	1.569	0.034935
rs3130985	A	1.122	-0.036746
rs3094669	G	8	0.651043
rs116763857	G	4.579	0.325071
rs1793894	A	3.871	0.264224
rs6930376	T	2.836	0.174296
rs9264758	G	7.533	0.602113
rs2524054	C	0.782	-0.112445
rs1451199489	G	-	-
rs2523466	A	0.287	-0.317366
rs2251396	A	3.351	0.21974
rs9501130	T	2.281	0.120516
rs3130614	A	5.897	0.44291
rs2516491	C	0.765	-0.117039
rs3093664	G	4.265	0.297914
rs2857595	A	1.233	-0.016981
rs3132450	G	0.04	-0.715635
rs11229	G	6.839	0.532337
rs376621269	A	2.489	0.141588
rs558702	A	5.335	0.391798
rs1270942	G	11.75	1.009749
rs1150757	A	0.197	-0.394727
rs1150752	C	9.2	0.780469
rs3130297	T	4.98	0.36021
rs869165433	TTTTTATTTTTATTTTTATTTTTATTTTT	0.895	-0.084049
rs3134938	T	2.898	0.179976
rs1265757	T	3.654	0.245742
rs926592	A	4.429	0.312044
rs1980493	C	2.179	0.109683
rs3806155	T	4.606	0.327408
rs3135365	A	8.512	0.706237
rs9268576	C	2.736	0.165177
rs9268645	G	6.421	0.492028
rs9269032	A	3.444	0.227727
rs138748427	A	0.404	-0.247119
rs71549272	G	3.588	0.240118
rs35477995	G	4.795	0.343921
rs7760731	A	6.003	0.452733
rs9272346	A	3.28	0.21363
rs9273363	A	0.699	-0.135691
rs9273367	C	0.955	-0.07049
rs1770	G	0.627	-0.158208
rs28746946	A	5.692	0.424094
rs1794282	T	5.459	0.402941
rs9275358	G	2.025	0.092486
rs2647044	A	1.956	0.084528
rs3135002	C	7.872	0.637523
rs35122968	C	12.78	1.100477
rs3997848	G	3.953	0.271217
rs1257631742	TTA	0.821	-0.102259
rs1015166	G	1.233	-0.01685
rs241427	G	2.446	0.137301
rs3819720	A	3.889	0.265765
rs4148870	G	6.017	0.454031
rs56098412	G	2.404	0.133128
rs17214290	G	5.2	0.379695
rs3128930	T	0.683	-0.1407
rs4713614	A	10.28	0.88552
rs2855448	T	3.553	0.237095
rs72887765	A	0.082	-0.575258
rs115337486	T	0.059	-0.641448
rs113196564	G	1.489	0.023369
rs150420498	A	1.006	-0.05952
rs116647495	C	4.883	0.351594
rs138181578	TTTTTTTTTT	4.619	0.328536
rs567939777	T	6.507	0.500272
rs78824139	T	1.331	-0.00066
rs17711850	C	11.37	0.979586
rs3757247	G	2.041	0.094345
rs11755527	G	4.505	0.318663
rs72928038	A	19.51	2.032881
rs9354144	A	2.2	0.111932
rs2045258	G	7.953	0.646002
rs9388489	C	4.098	0.283623
rs1578060	A	0.349	-0.277026
rs1538171	A	1.016	-0.057526
rs62425513	T	0.314	-0.298232
rs12665429	C	3.738	0.25288
rs6931865	G	4.242	0.296002
rs212408	C	3.735	0.252655
rs73043122	C	2.072	0.09792
rs924043	C	3.557	0.237424
rs10258381	G	4.242	0.295987
rs6461299	A	5.401	0.397687
rs7805218	A	0.42	-0.239325
rs17143056	G	1.277	-0.009552
rs7804356	C	6.937	0.542018
rs10245867	A	0.365	-0.267761
rs550448	A	10.03	0.861916
rs10255565	C	2.269	0.11927
rs62461371	C	6.526	0.502035
rs534191848	A	0.503	-0.202958
rs62447205	G	1.417	0.012673
rs7780389	A	0.575	-0.17603
rs4263714	A	1.172	-0.027653
rs4948088	C	0.149	-0.453334
rs10277986	A	0.36	-0.270345
rs7795896	A	16.99	1.694449
rs148505224	A	3.502	0.232692
rs3757787	A	9.995	0.859031
rs77768351	A	0.288	-0.316641
rs62489382	T	17.51	1.768641
rs7460469	A	0.617	-0.161635
rs2250903	A	0.533	-0.191296
rs2410601	A	0.21	-0.381522
rs188998530	A	0.173	-0.421707
rs1586135813	T	1.426	0.014062
rs1947178	G	0.819	-0.102682
rs571622299	A	3.115	0.199268
rs575681391	T	6.974	0.545661
rs12679857	G	8.197	0.672071
rs13259300	C	8.391	0.693091
rs4871297	A	6.53	0.502413
rs35766765	G	7.935	0.644145
rs3802214	A	3.949	0.270859
rs6476839	C	16.15	1.565161
rs7020673	A	2.691	0.160933
rs10974438	C	18.49	1.9005
rs10758593	A	0.389	-0.254913
rs74629033	A	0.696	-0.136624
rs1396962964	-	-	-
rs10961433	A	0.623	-0.159498
rs224009	C	1.344	0.001301
rs1970112	C	0.987	-0.063619
rs10811662	A	1.222	-0.018861
rs143723948	T	4.09	0.282941
rs12344245	G	1.403	0.010552
rs72739842	T	0.411	-0.243709
rs1405209	C	10.43	0.900093
rs4837404	A	0.302	-0.306376
rs541856133	T	0.265	-0.333177
rs657152	C	6.329	0.483256
