	RSID	REGION	CHR_POS	CHR_ID	P_VALUE	MAPPED_GENE	-logp	cumulative_pos
0	rs28600853	1p36.32	2863195	1	6e-06	TTC34 - NA	12.02375108873622	2863195
1	rs17407280	1p36.12	20693912	1	7e-06	KIF17	11.86960040890896	20693912
2	rs10751776	1p36.11	24970252	1	3e-08	RUNX3 - MIR4425	17.322068455284256	24970252
3	rs574384	1p34.3	35622060	1	2e-08	PSMB2	17.72753356339242	35622060
4	rs386630424		37781423	1	6e-16		35.04960201867667	37781423
5	rs1569836568		37812907	1	6e-14		30.444431832688586	37812907
6	rs12742756	1p34.3	37881745	1	4e-08	INPP5B	17.034386382832476	37881745
7	rs34349547		37891198	1	1e-19		43.74911676688687	37891198
8	rs79236527		63633409	1	2e-08		17.72753356339242	63633409
9	rs2269241	1p31.3	63643100	1	4e-07	PGM1	14.73180128983843	63643100
10	rs855330	1p31.3	63648218	1	5e-11	PGM1	23.7189981105004	63648218
11	rs559043037		78372988	1	3e-08		17.322068455284256	78372988
12	rs1983853	1p22.3	84845509	1	2e-06	LPAR3	13.122363377404328	84845509
13	rs34090353	1p22.1	92358141	1	1e-08	RPAP2	18.420680743952367	92358141
14	rs34090353	1p22.1	92358141	1	1e-08	RPAP2	18.420680743952367	92358141
15	rs61343935		102495801	1	3e-08		17.322068455284256	102495801
16	rs2153977	1p13.2	113537449	1	4e-07	MAGI3	14.73180128983843	113537449
17	rs6679677	1p13.2	113761186	1	1e-40	PHTF1 - RSBN1	92.10340371976183	113761186
18	rs6679677	1p13.2	113761186	1	8e-24	PHTF1 - RSBN1	53.18260069017726	113761186
19	rs6679677	1p13.2	113761186	1	2e-06	PHTF1 - RSBN1	13.122363377404328	113761186
20	rs6679677	1p13.2	113761186	1	2e-06	PHTF1 - RSBN1	13.122363377404328	113761186
21	rs2476601	1p13.2	113834946	1	7e-20	PTPN22	44.1057917108256	113834946
22	rs2476601	1p13.2	113834946	1	1e-07	PTPN22	16.11809565095832	113834946
23	rs2476601	1p13.2	113834946	1	2e-80	PTPN22	183.5136602589637	113834946
24	rs2476601	1p13.2	113834946	1	9e-85	PTPN22	193.52250832715765	113834946
25	rs2476601	1p13.2	113834946	1	1.9999999999999998e-111	PTPN22	254.89379814177911	113834946
26	rs2476601	1p13.2	113834946	1	1e-100	PTPN22	230.25850929940458	113834946
27	rs2358994	1p13.2	113886839	1	2e-11	AP4B1-AS1, BCL2L15	24.635288842374557	113886839
28	rs2641348	1p12	119895261	1	2e-08	ADAM30	17.72753356339242	119895261
29	rs2641348	1p12	119895261	1	2e-08	ADAM30	17.72753356339242	119895261
30	rs1493696	1p12	119962909	1	8e-09	NOTCH2	18.643824295266576	119962909
31	rs998500		151853237	1	4e-19		42.36282240576698	151853237
32	rs998500		151853237	1	3e-08		17.322068455284256	151853237
33	rs2229238	1q21.3	154465420	1	1e-12	IL6R	27.631021115928547	154465420
34	rs2229238	1q21.3	154465420	1	1e-12	IL6R	27.631021115928547	154465420
35	rs7528684	1q23.1	157701026	1	8e-09	FCRL3 - VDAC1P9	18.643824295266576	157701026
36	rs857786	1q23.1	158815304	1	6e-09	OR10AA1P - MNDA	18.931506367718356	158815304
37	rs10919543	1q23.3	161538827	1	6e-06	RPS23P10 - FCGR3A	12.02375108873622	161538827
38	rs78037977	1q24.3	172746562	1	2e-09	FASLG - SLC25A38P1	20.030118656386467	172746562
39	rs78037977	1q24.3	172746562	1	2e-09	FASLG - SLC25A38P1	20.030118656386467	172746562
40	rs114721354		182869236	1	4e-08		17.034386382832476	182869236
41	rs2816313	1q31.2	192570207	1	5e-09	NA - RGS1	19.11382792451231	192570207
42	rs2816313	1q31.2	192570207	1	5e-09	NA - RGS1	19.11382792451231	192570207
43	rs2990510	1q31.3	197051528	1	6e-06	F13B	12.02375108873622	197051528
44	rs570794153	1q31.3	198629260	1	4e-11	ATP6V1G3 - PTPRC	23.942141661814613	198629260
45	rs6691977	1q32.1	200845831	1	4e-08	CAMSAP2	17.034386382832476	200845831
46	rs138760780	1q32.1	205515245	1	9e-06	CDK18	11.618285980628055	205515245
47	rs138760780	1q32.1	205515245	1	2e-06	CDK18	13.122363377404328	205515245
48	rs3024505	1q32.1	206766559	1	2e-09	Y_RNA - IL10	20.030118656386467	206766559
49	rs3024505	1q32.1	206766559	1	5e-10	Y_RNA - IL10	21.416413017506358	206766559
50	rs3024505	1q32.1	206766559	1	6e-08	Y_RNA - IL10	16.62892127472431	206766559
51	rs7524087	1q32.3	212470318	1	8e-06	LINC02771	11.736069016284437	212470318
52	rs12128789	1q32.3	212679490	1	4e-09	LINC02773 - BATF3	19.33697147582652	212679490
53	rs11120029	1q32.3	212796238	1	2e-08	TATDN3	17.72753356339242	212796238
54	rs11120029	1q32.3	212796238	1	2e-08	TATDN3	17.72753356339242	212796238
55	rs191521884		221898846	1	3e-08		17.322068455284256	221898846
56	rs559047	1q43	238590616	1	4e-06	KRT18P32 - NA	12.429216196844383	238590616
57	rs559047	1q43	238590616	1	4e-08	KRT18P32 - NA	17.034386382832476	238590616
58	rs1881146	2p24.3	12494668	2	5e-08	MIR3681HG	16.811242831518264	251085284
59	rs1534422	2p24.3	12500615	2	2e-06	MIR3681HG	13.122363377404328	251091231
60	rs10169963	2p24.3	12512805	2	3e-08	MIR3681HG	17.322068455284256	251103421
61	rs10169963	2p24.3	12512805	2	3e-08	MIR3681HG	17.322068455284256	251103421
62	rs2165738	2p23.3	24469940	2	4e-06	ITSN2 - NCOA1	12.429216196844383	263060556
63	rs478222	2p23.3	25078886	2	4e-09	EFR3B	19.33697147582652	263669502
64	rs185443605		25772946	2	8e-06		11.736069016284437	264363562
65	rs896487664		25865493	2	5e-09		19.11382792451231	264456109
66	rs6547853	2p23.2	28423934	2	8e-07	FOSL2 - PLB1	14.038654109278484	267014550
67	rs6544495		41910220	2	6e-09		18.931506367718356	280500836
68	rs1962386		41913324	2	2e-28		63.779235423273335	280503940
69	rs185135749		60197190	2	1e-14		32.23619130191664	298787806
70	rs185135749		60197190	2	2e-09		20.030118656386467	298787806
71	rs12464462	2p16.1	60409281	2	9e-10	MIR4432HG	20.82862635260424	298999897
72	rs70962766	2p15	62179865	2	5e-07	COMMD1 - B3GNT2	14.508657738524219	300770481
73	rs143757929		62744832	2	1e-08		18.420680743952367	301335448
74	rs7583877	2q11.2	99844192	2	1e-08	AFF3	18.420680743952367	338434808
75	rs7583877	2q11.2	99844192	2	3e-07	AFF3	15.01948336229021	338434808
76	rs12712067	2q11.2	100147438	2	4e-09	AFF3	19.33697147582652	338738054
77	rs12712067	2q11.2	100147438	2	4e-09	AFF3	19.33697147582652	338738054
78	rs13415583	2q11.2	100147625	2	1e-07	AFF3	16.11809565095832	338738241
79	rs9653442	2q11.2	100208905	2	5e-06	LINC01104	12.206072645530174	338799521
80	rs4849135	2q13	110857502	2	4e-08	ACOXL	17.034386382832476	349448118
81	rs140423469		117481369	2	4e-08		17.034386382832476	356071985
82	rs1344228	2q14.3	123529348	2	8e-06		11.736069016284437	362119964
83	rs520449		134538048	2	2.9999999999999997e-52		118.63581254702227	373128664
84	rs842353		134585720	2	5e-10		21.416413017506358	373176336
85	rs10171677		134688820	2	7e-12		25.685110966873236	373279436
86	rs6723108		134722410	2	3e-57		130.1487380119925	373313026
87	rs6430545		134845031	2	1e-58		133.54993539365464	373435647
88	rs10928520		134846613	2	2e-13		29.240459028362647	373437229
89	rs1979033		134947988	2	1e-73		168.08871178856535	373538604
90	rs1979033		134947988	2	4e-14		30.84989694079675	373538604
91	rs7570971		135080336	2	9e-23		50.76223256152683	373670952
92	rs6730157		135149518	2	1e-116		267.09987078730927	373740134
93	rs1375131		135197227	2	4e-22		49.270577684749114	373787843
94	rs935613		135265228	2	2e-75		172.00073479399347	373855844
95	rs2016636		135301250	2	3e-15		33.44016410624258	373891866
96	rs6709525		135403522	2	2e-113		259.4989683277672	373994138
97	rs6709525		135403522	2	2.0000000000000002e-21		47.66113977231501	373994138
98	rs6735329		135516008	2	9.000000000000001e-21		46.15706237553874	374106624
99	rs1219701875		135571320	2	7e-114		260.5487904522659	374161936
100	rs12465802		135623778	2	8e-23		50.88001559718322	374214394
101	rs62168795		135671796	2	6.0000000000000005e-117		267.6106964110753	374262412
102	rs6739713		135731408	2	4e-14		30.84989694079675	374322024
103	CR024379		135859184	2	1e-121		278.6127962522795	374449800
104	CR024379		135859184	2	1e-22		50.65687204586901	374449800
105	rs13404551		135964425	2	7e-16		34.89545133884942	374555041
106	rs4954387		136026774	2	1e-91		209.53524346245817	374617390
107	rs28815269		136221960	2	2e-73		167.3955646080054	374812576
108	rs28815269		136221960	2	4e-16		35.45506712678484	374812576
109	rs34800387		137009624	2	2e-26		59.17406523728524	375600240
110	rs34800387		137009624	2	4e-11		23.942141661814613	375600240
111	rs17206992	2q24.1	154368670	2	6e-06	GALNT13	12.02375108873622	392959286
112	rs77155259	2q24.2	161647730	2	2e-06	SLC4A10	13.122363377404328	400238346
113	rs2111485	2q24.2	162254026	2	4e-18	FAP - IFIH1	40.060237312772934	400844642
114	rs1990760	2q24.2	162267541	2	2e-11	IFIH1	24.635288842374557	400858157
115	rs1990760	2q24.2	162267541	2	7e-09	IFIH1	18.7773556878911	400858157
116	rs1990760	2q24.2	162267541	2	2e-14	IFIH1	31.543044121356694	400858157
117	rs35667974	2q24.2	162268127	2	9e-09	IFIH1	18.526041259610192	400858743
118	rs72871627	2q24.2	162280432	2	2e-06	IFIH1	13.122363377404328	400871048
119	rs836589	2q31.1	172628350	2	2e-06	PDK1 - RAPGEF4-AS1	13.122363377404328	411218966
120	rs4972593	2q31.1	173598126	2	4e-08		17.034386382832476	412188742
121	rs113517532	2q31.1	176780863	2	2e-06	LINC01117	13.122363377404328	415371479
122	rs7582694	2q32.3	191105394	2	3e-09	STAT4	19.624653548278303	429696010
123	rs7582694	2q32.3	191105394	2	3e-09	STAT4	19.624653548278303	429696010
124	rs3087243	2q33.2	203874196	2	8e-11	CTLA4 - ICOS	23.248994481254666	442464812
125	rs3087243	2q33.2	203874196	2	1e-15	CTLA4 - ICOS	34.538776394910684	442464812
126	rs3087243	2q33.2	203874196	2	2e-17	CTLA4 - ICOS	38.45079940033883	442464812
127	rs3087243	2q33.2	203874196	2	7e-21	CTLA4 - ICOS	46.40837680381964	442464812
128	rs7588550	2q34	212304043	2	2e-07	ERBB4	15.424948470398375	450894659
129	rs555206121		217759606	2	4e-08		17.034386382832476	456350222
130	rs181176493	2q36.1	223293148	2	2e-07	RN7SL807P - NA	15.424948470398375	461883764
131	rs13018977	2q37.3	241338592	2	2e-08	SEPTIN2	17.72753356339242	479929208
132	rs10933559	2q37.3	241468331	2	3e-11	FARP2	24.229823734266393	480058947
133	rs10933559	2q37.3	241468331	2	3e-11	FARP2	24.229823734266393	480058947
134	rs73018809	3p25.1	13329174	3	2e-07	NUP210	15.424948470398375	493388121
135	rs553806124		27921000	3	1e-08		18.420680743952367	507979947
136	rs950146	3p22.2	36638607	3	4e-06	NBPF21P - RN7SKP227	12.429216196844383	516697554
137	rs113010081	3p21.31	46415921	3	5e-08	CCRL2 - LINC02009	16.811242831518264	526474868
138	rs11130569		57041866	3	4e-13		28.547311847802703	537100813
139	rs11130569		57041866	3	4e-09		19.33697147582652	537100813
140	rs62251992		57259774	3	4e-16		35.45506712678484	537318721
141	rs1480207964		57269656	3	4e-09		19.33697147582652	537328603
142	rs60701868		57295247	3	2e-08		17.72753356339242	537354194
143	rs36146296		57373867	3	6e-17		37.35218711167072	537432814
144	rs11705721	3p14.3	58414687	3	9e-06	PXK	11.618285980628055	538473634
145	rs9870517		64722924	3	6e-09		18.931506367718356	544781871
146	rs4688508		64734347	3	1e-16		36.841361487904734	544793294
147	rs9850225	3p12.2	80816613	3	5e-06	LINC02050 - NA	12.206072645530174	560875560
148	rs28641753	3q13.11	104256574	3	2e-07		15.424948470398375	584315521
149	rs9810233	3q13.11	105292046	3	7e-07	NA - ALCAM	14.172185501903007	585350993
150	rs111821448	3q13.2	111874722	3	5e-06	PHLDB2	12.206072645530174	591933669
151	rs144520550		114257954	3	5e-08		16.811242831518264	594316901
152	rs113881148	4p16.3	973543	4	6e-09	DGKQ	18.931506367718356	595290444
153	rs113881148	4p16.3	973543	4	6e-09	DGKQ	18.931506367718356	595290444
154	rs78031527	4p16.1	6169503	4	5e-06	JAKMIP1, C4orf50	12.206072645530174	600486404
155	rs186775995		24259293	4	4e-08		17.034386382832476	618576194
156	rs10517086	4p15.2	26083889	4	5e-10	LINC02357	21.416413017506358	620400790
157	rs337637	4p14	38602849	4	3e-10	KLF3-AS1	21.927238641272346	632919750
158	rs337637	4p14	38602849	4	3e-10	KLF3-AS1	21.927238641272346	632919750
159	rs139881548	4p12	46372280	4	7e-06	GABRA2	11.86960040890896	640689181
160	rs34459306		92954497	4	7e-09		18.7773556878911	687271398
161	rs34459306		92954497	4	4e-08		17.034386382832476	687271398
162	rs146172950		105683278	4	2e-08		17.72753356339242	700000179
163	rs7679475	4q27	121392885	4	4e-10	QRFPR - TUBB4BP5	21.639556568820566	715709786
164	rs4505848	4q27	122211337	4	5e-13	KIAA1109	28.324168296488494	716528238
165	rs75793288	4q27	122322441	4	6e-13	KIAA1109	28.14184673969454	716639342
166	rs17388568	4q27	122408207	4	6e-06	ADAD1	12.02375108873622	716725108
167	rs2069762	4q27	122456825	4	5e-07	IL2 - NA	14.508657738524219	716773726
168	rs13147255	4q28.1	124578751	4	1e-08	LINC02516 - ANKRD50	18.420680743952367	718895652
169	rs28720060		137228466	4	1e-20		46.051701859880914	731545367
170	rs28720060		137228466	4	1e-08		18.420680743952367	731545367
171	rs2611215	4q32.3	165653115	4	2e-11	NA - LINC01179	24.635288842374557	759970016
172	rs34740712	4q32.3	165916328	4	5e-06	TLL1	12.206072645530174	760233229
173	rs11723864	4q34.1	173653255	4	7e-07	HAND2-AS1	14.172185501903007	767970156
174	rs11725853	4q34.1	174721548	4	8e-07	GLRA3	14.038654109278484	769038449
175	rs12644686	4q35.1	184381748	4	2e-08	LINC02362	17.72753356339242	778698649
176	rs11959635		6893947	5	8e-07		14.038654109278484	785592596
177	rs11959635		6893947	5	1e-08		18.420680743952367	785592596
178	rs143537377	5p15.2	10500534	5	8e-06	LINC02212	11.736069016284437	789199183
179	rs6897932	5p13.2	35874473	5	8e-06	IL7R	11.736069016284437	814573122
180	rs11954020	5p13.2	35883149	5	4e-08	IL7R - CAPSL	17.034386382832476	814581798
181	rs1445898	5p13.2	35910427	5	8e-06	CAPSL	11.736069016284437	814609076
182	rs1876142	5p13.1	40521603	5	2e-14	TTC33	31.543044121356694	819220252
183	rs1876142	5p13.1	40521603	5	2e-14	TTC33	31.543044121356694	819220252
184	rs10213692	5q11.2	56146422	5	3e-09	ANKRD55	19.624653548278303	834845071
185	rs10213692	5q11.2	56146422	5	3e-09	ANKRD55	19.624653548278303	834845071
186	rs4513644	5q11.2	57837318	5	8e-07	NA - LINC02225	14.038654109278484	836535967
187	rs115829748	5q13.2	72098560	5	1e-09	NA - MAP1B	20.72326583694641	850797209
188	rs4704666		80384899	5	5e-16		35.23192357547063	859083548
189	rs4704666		80384899	5	5e-08		16.811242831518264	859083548
190	rs75205348		81431680	5	3e-10		21.927238641272346	860130329
191	rs114378220	5q22.1	111230662	5	5e-09	CAMK4	19.11382792451231	889929311
192	rs766751473	5q31.1	132431072	5	1e-08	IRF1-AS1	18.420680743952367	911129721
193	rs574480779	5q33.2	155011321	5	9e-07	MRPL22 - KIF4B	13.9208710736221	933709970
194	rs1050979	6p25.3	410417	6	6e-14	IRF4	30.444431832688586	934120387
195	rs9405661	6p25.3	424915	6	2e-09	IRF4 - EXOC2	20.030118656386467	934134885
196	rs9405661	6p25.3	424915	6	2e-09	IRF4 - EXOC2	20.030118656386467	934134885
197	rs541715332		8311442	6	6e-09		18.931506367718356	942021412
198	rs116418977		25365660	6	5e-41		92.79655090032178	959075630
199	rs62392365		25371141	6	1e-09		20.72326583694641	959081111
200	rs35789010		25513951	6	3e-65		148.56941875594487	959223921
201	rs35789010		25513951	6	2.9999999999999994e-23		51.860844850194944	959223921
202	rs68006638		25710343	6	9e-70		158.98373193224697	959420313
203	rs68006638		25710343	6	7e-23		51.013546989807736	959420313
204	rs13201341		25822433	6	1.0000000000000001e-71		163.48354160257725	959532403
205	rs13211947		25864590	6	2e-22		49.96372486530906	959574560
206	rs3884025		25929860	6	7.000000000000001e-73		166.14280163951003	959639830
207	rs34888489		26073147	6	5e-74		168.78185896912527	959783117
208	rs34888489		26073147	6	9e-24		53.06481765452088	959783117
209	rs34961555		26199675	6	3e-79		180.8056100578615	959909645
210	rs55706012		26266083	6	8e-27		60.0903559691594	959976053
211	rs13220522		26316067	6	3e-83		190.0159504298377	960026037
212	rs75782365		26408323	6	4e-31		69.99384352169552	960118293
213	rs13195401		26463346	6	6e-87		198.5331436212539	960173316
214	rs13198716		26581807	6	1e-87		200.32490309048197	960291777
215	rs13198716		26581807	6	1e-31		71.38013788281542	960291777
216	rs1425018091		26732200	6	1.0000000000000001e-79		181.90422234652962	960442170
217	rs1425018091		26732200	6	2e-28		63.779235423273335	960442170
218	rs71557351		26835246	6	8e-26		57.787770876165354	960545216
219	rs71557351		26835246	6	5e-11		23.7189981105004	960545216
220	rs71206067		26935600	6	3e-87		199.22629080181386	960645570
221	rs71206067		26935600	6	1e-31		71.38013788281542	960645570
222	rs13207365		27063201	6	3e-96		219.94955663876027	960773171
223	rs55834529		27104763	6	7.000000000000001e-32		71.73681282675415	960814733
224	rs35768595		27174125	6	9.000000000000001e-87		198.12767851314575	960884095
225	rs72839445		27281907	6	7e-33		74.0393979197482	960991877
226	rs34196306		27457865	6	2e-32		72.98957579524952	961167835
227	rs6904596		27523520	6	2e-96		220.35502174686843	961233490
228	rs888169813		27559448	6	2e-34		77.59474598123761	961269418
229	rs35715914		27624224	6	4e-90		205.8463640083442	961334194
230	rs35927079		27700521	6	4e-33		74.59901370768361	961410491
231	rs13202295		27731058	6	5.999999999999999e-91		207.74348399323011	961441028
232	rs13195728		27803328	6	6e-34		76.4961336925695	961513298
233	rs1170010108		27883876	6	2e-102		234.1705323048327	961593846
234	rs34788973		27911422	6	2e-35		79.89733107423166	961621392
235	rs71559067		28026638	6	2.9999999999999996e-94		215.3443864527722	961736608
236	rs35952432		28107123	6	5e-36		81.28362543535154	961817093
237	rs13217984		28171932	6	7e-95		216.79967368537902	961881902
238	rs13205211		28235278	6	5.0000000000000005e-37		83.58621052834559	961945248
239	rs13191786		28309894	6	2.9999999999999998e-92		210.7392162667841	962019864
240	rs13198809		28355925	6	4e-39		88.41452426564788	962065895
241	rs398110012		28429899	6	8e-94		214.36355719976046	962139869
242	rs34676049		28485841	6	4e-39		88.41452426564788	962195811
243	rs35044849		28699892	6	3e-96		219.94955663876027	962409862
244	rs35243068		28705657	6	4e-41		93.01969445163598	962415627
245	rs3131337		28828294	6	4e-117		268.01616151918347	962538264
246	rs3131071		28939145	6	1e-101		232.56109439239862	962649115
247	rs3131071		28939145	6	7.000000000000001e-43		97.06524884968866	962649115
248	rs1259270189		29051468	6	2.9999999999999996e-42		95.60996161708181	962761438
249	rs114631266	6p22.1	29058810	6	2e-06	OR2W1 - OR2P1P	13.122363377404328	962768780
250	rs866264659		29100913	6	4e-99		226.56962984529062	962810883
251	rs3130831		29215110	6	9e-99		225.7586996290743	962925080
252	rs3117342		29238474	6	6e-43		97.21939952951591	962948444
253	rs9257809		29388554	6	2.9999999999999998e-114		261.3960883126531	963098524
254	rs9257809		29388554	6	6e-45		101.824569715504	963098524
255	rs1233488		29499942	6	2e-43		98.31801181818402	963209912
256	rs413670		29558785	6	7e-108		246.73327989430163	963268755
257	rs3131856		29639324	6	3.9999999999999995e-42		95.32227954463004	963349294
258	rs430133		29683408	6	2e-60		137.4619583990828	963393378
259	rs9258375		29785031	6	1e-110		253.28436022934503	963495001
260	rs9258375		29785031	6	4.9999999999999994e-42		95.09913599331581	963495001
261	rs2471863	6p22.1	29931850	6	8e-07	HLA-K - HLA-U	14.038654109278484	963641820
262	rs9260151	6p22.1	29943253	6	8e-08	HLA-A	16.34123920227253	963653223
263	rs34941730	6p22.1	29946109	6	2e-09	HLA-A - HLA-W	20.030118656386467	963656079
264	rs9260324		29949300	6	2e-44		100.62059691117807	963659270
265	rs3115631		30018547	6	2.9999999999999996e-42		95.60996161708181	963728517
266	rs8321		30064745	6	2e-113		259.4989683277672	963774715
267	rs2523989	6p22.1	30110498	6	2e-08	TRIM31, TRIM31-AS1	17.72753356339242	963820468
268	rs61211515	6p22.1	30133199	6	1e-07	TRIM31-AS1 - TRIM40	16.11809565095832	963843169
269	rs61211515	6p22.1	30133199	6	2e-06	TRIM31-AS1 - TRIM40	13.122363377404328	963843169
270	rs1970		30157766	6	1e-51		117.43183974269633	963867736
271	rs2517609		30202510	6	4e-125		286.4368422631358	963912480
272	rs3094067		30331468	6	2.0000000000000002e-47		107.5283521901602	964041438
273	rs45626136	6p22.1	30345252	6	1e-06	RPP21, TRIM39-RPP21	13.815510557964274	964055222
274	rs3094053		30387407	6	2e-151		346.99720186154093	964097377
275	rs3132645		30441472	6	1e-52		119.73442483569038	964151442
276	rs1222508183		30569095	6	4.0000000000000006e-132		302.5549379140941	964279065
277	rs3132610		30576624	6	1.0000000000000001e-57		131.2473503006606	964286594
278	rs9262143		30685004	6	2e-133		305.5506701876481	964394974
279	rs3130658		30733315	6	7.0000000000000005e-56		126.99885505861124	964443285
280	rs1405122185		30801949	6	1.0000000000000001e-271		624.0005602013864	964511919
281	rs886424	6p21.33	30814225	6	3e-14	LINC00243	31.13757901324853	964524195
282	rs2517578		30843488	6	2e-62		142.0671285850709	964553458
283	rs116020851	6p21.33	30954755	6	3e-07	HCG21, SFTA2	15.01948336229021	964664725
284	rs1462821813		30964532	6	2e-202		464.4290416042373	964674502
285	rs1632863		31000992	6	2.0000000000000003e-64		146.672298771059	964710962
286	rs1265057	6p21.33	31110838	6	2e-06	RNU6-1133P - C6orf15	13.122363377404328	964820808
287	rs3130985		31117579	6	6e-72		163.99436722634323	964827549
288	rs3094669		31135418	6	2e-219		503.57298818513607	964845388
289	rs116763857	6p21.33	31173705	6	1e-14	POU5F1	32.23619130191664	964883675
290	rs1793894		31229085	6	2e-75		172.00073479399347	964939055
291	rs6930376		31275040	6	2e-286		657.8461894157372	964985010
292	rs9264758	6p21.33	31280657	6	3e-07	RPL3P2	15.01948336229021	964990627
293	rs2524054	6p21.33	31284619	6	2e-28	RPL3P2 - WASF5P	63.779235423273335	964994589
294	rs2524054	6p21.33	31284619	6	6.0000000000000006e-21	RPL3P2 - WASF5P	46.5625274836469	964994589
295	rs1451199489		31348918	6	9e-76		172.79924249021124	965058888
296	rs2523466		31395249	6	3e-279		641.3226286566706	965105219
297	rs2251396	6p21.33	31396930	6	1e-22	HLA-S - MICA	50.65687204586901	965106900
298	rs9501130	6p21.33	31449679	6	2e-11	LINC01149 - HCP5	24.635288842374557	965159649
299	rs3130614		31508681	6	3e-80		183.10819515085555	965218651
300	rs3093664	6p21.33	31576865	6	3e-07	TNF	15.01948336229021	965286835
301	rs2857595	6p21.33	31600692	6	2e-23	NCR3 - UQCRHP1	52.266309958303104	965310662
302	rs3132450		31628361	6	2.9999999999999996e-89		203.83146098780196	965338331
303	rs11229		31635993	6	1.0000000000000001e-302		695.3806980842018	965345963
304	rs376621269		31799896	6	2e-90		206.53951118890416	965509866
305	rs376621269		31799896	6	3.999999999999999e-282		647.942701863201	965509866
306	rs558702		31902549	6	9e-92		209.640603978116	965612519
307	rs1270942	6p21.33	31951083	6	5e-25	CFB	55.95518941241704	965661053
308	rs1270942		31951083	6	1.0000000000000001e-283		651.631581317315	965661053
309	rs1150757		32061428	6	6.999999999999999e-285		654.2908413542477	965771398
310	rs1150752		32096949	6	1e-90		207.2326583694641	965806919
311	rs3130297		32231204	6	4e-106		242.68772549624896	965941174
312	rs869165433		32234432	6	1e-305		702.288453363184	965944402
313	rs3134938	6p21.32	32238711	6	8e-07	NOTCH4 - TSBP1-AS1	14.038654109278484	965948681
314	rs1265757		32334605	6	4e-102		233.47738512427276	966044575
315	rs926592	6p21.32	32337881	6	6e-06	TSBP1-AS1, TSBP1	12.02375108873622	966047851
316	rs1980493	6p21.32	32395438	6	2e-20	TSBP1-AS1, BTNL2	45.35855467932097	966105408
317	rs3806155		32405601	6	4e-308		707.8099142810462	966115571
318	rs3135365	6p21.32	32421478	6	9e-06	TSBP1-AS1 - HLA-DRA	11.618285980628055	966131448
319	rs9268576	6p21.32	32427864	6	2e-08	TSBP1-AS1 - HLA-DRA	17.72753356339242	966137834
320	rs9268645	6p21.32	32440750	6	1e-100	HLA-DRA	230.25850929940458	966150720
321	rs9269032		32469977	6	4e-108		247.29289568223703	966179947
322	rs71549272		32535377	6	2e-306		703.897891275618	966245347
323	rs35477995		32596935	6	3e-28		63.37377031516517	966306905
324	rs7760731	6p21.32	32615624	6	6e-11	HLA-DRB1 - HLA-DQA1	23.536676553706446	966325594
325	rs9272346	6p21.32	32636595	6	6.000000000000001e-129	HLA-DQA1	295.24171752700386	966346565
326	rs1794282		32698749	6	7.000000000000001e-110		251.3384500802897	966408719
327	rs9275358	6p21.32	32700118	6	3e-07	HLA-DQB1 - MTCO3P1	15.01948336229021	966410088
328	rs2647044	6p21.32	32700133	6	1e-16	HLA-DQB1 - MTCO3P1	36.841361487904734	966410103
329	rs3135002	6p21.32	32700662	6	3e-08	HLA-DQB1 - MTCO3P1	17.322068455284256	966410632
330	rs3135002	6p21.32	32700662	6	7e-08	HLA-DQB1 - MTCO3P1	16.474770594897052	966410632
331	rs35122968	6p21.32	32714422	6	4e-11	MTCO3P1 - HLA-DQB3	23.942141661814613	966424392
332	rs3997848	6p21.32	32714617	6	2e-14	MTCO3P1 - HLA-DQB3	31.543044121356694	966424587
333	rs1257631742		32809144	6	9e-89		202.73284869913385	966519114
334	rs1015166	6p21.32	32830954	6	4e-22	TAP2	49.270577684749114	966540924
335	rs241427	6p21.32	32836637	6	4e-06	TAP2	12.429216196844383	966546607
336	rs3819720		32836793	6	9.000000000000001e-273		626.4085058100383	966546763
337	rs4148870	6p21.32	32838614	6	2e-06	TAP2	13.122363377404328	966548584
338	rs56098412		32911694	6	6e-63		143.27110138939682	966621664
339	rs17214290		33020111	6	1e-12		27.631021115928547	966730081
340	rs3128930	6p21.32	33107889	6	7e-06	COL11A2P1 - HLA-DPB2	11.86960040890896	966817859
341	rs4713614		33160210	6	2e-151		346.99720186154093	966870180
342	rs2855448		33168798	6	3e-16		35.74274919923662	966878768
343	rs72887765		33301993	6	3e-09		19.624653548278303	967011963
344	rs115337486		33387741	6	2e-108		247.98604286279698	967097711
345	rs113196564		33464895	6	3e-10		21.927238641272346	967174865
346	rs150420498		33489728	6	2e-108		247.98604286279698	967199698
347	rs116647495		33647094	6	1e-96		221.04816892742838	967357064
348	rs116647495		33647094	6	4e-08		17.034386382832476	967357064
349	rs138181578	6p21.1	45758094	6	7e-07	RUNX2 - NA	14.172185501903007	979468064
350	rs567939777		46032617	6	2e-08		17.72753356339242	979742587
351	rs567939777		46032617	6	9e-06		11.618285980628055	979742587
352	rs78824139	6q12	64748694	6	9e-06	EYS	11.618285980628055	998458664
353	rs3757247	6q15	90247744	6	1e-06	BACH2	13.815510557964274	1023957714
354	rs11755527	6q15	90248512	6	5e-12	BACH2	26.021583203494448	1023958482
355	rs11755527	6q15	90248512	6	5e-08	BACH2	16.811242831518264	1023958482
356	rs11755527	6q15	90248512	6	3e-08	BACH2	17.322068455284256	1023958482
357	rs11755527	6q15	90248512	6	1e-06	BACH2	13.815510557964274	1023958482
358	rs72928038	6q15	90267049	6	6e-14	BACH2	30.444431832688586	1023977019
359	rs9354144	6q16.1	94847753	6	6e-06		12.02375108873622	1028557723
360	rs9388489	6q22.32	126377573	6	4e-13	CENPW - NA	28.547311847802703	1060087543
361	rs1538171	6q22.32	126431738	6	7e-10	CENPW - MIR588	21.079940780885142	1060141708
362	rs62425513		127756593	6	4e-08		17.034386382832476	1061466563
363	rs12665429	6q23.3	137682468	6	1e-13	NA - LINC02539	29.933606208922594	1071392438
364	rs12665429	6q23.3	137682468	6	1e-13	NA - LINC02539	29.933606208922594	1071392438
365	rs6931865	6q24.2	143758717	6	4e-06	PHACTR2	12.429216196844383	1077468687
366	rs212408	6q25.3	159049210	6	1e-15	TAGAP-AS1	34.538776394910684	1092759180
367	rs212408	6q25.3	159049210	6	1e-15	TAGAP-AS1	34.538776394910684	1092759180
368	rs73043122	6q27	166969779	6	4e-06	RNASET2 - MIR3939	12.429216196844383	1100679749
369	rs924043	6q27	170063801	6	8e-09		18.643824295266576	1103773771
370	rs10258381	7p21.3	10057028	7	5e-06		12.206072645530174	1113830799
371	rs6461299	7p21.1	17147155	7	2e-06	AHR	13.122363377404328	1120920926
372	rs7805218	7p21.1	20339178	7	9e-09	ITGB8	18.526041259610192	1124112949
373	rs17143056	7p21.1	20557306	7	2e-08	NA - EEF1A1P27	17.72753356339242	1124331077
374	rs17143056	7p21.1	20557306	7	2e-08	NA - EEF1A1P27	17.72753356339242	1124331077
375	rs7804356	7p15.2	26852046	7	5e-09	SKAP2	19.11382792451231	1130625817
376	rs10245867	7p15.1	28102567	7	3e-08	JAZF1	17.322068455284256	1131876338
377	rs10245867	7p15.1	28102567	7	3e-08	JAZF1	17.322068455284256	1131876338
378	rs550448	7p15.1	28189423	7	5e-07	JAZF1-AS1	14.508657738524219	1131963194
379	rs10255565	7p13	43408191	7	1e-06	HECW1	13.815510557964274	1147181962
380	rs62461371		44959149	7	4e-15		33.1524820337908	1148732920
381	rs62461371		44959149	7	1e-10		23.025850929940457	1148732920
382	rs534191848		48863732	7	5e-08		16.811242831518264	1152637503
383	rs62447205	7p12.2	50398132	7	3e-08	IKZF1	17.322068455284256	1154171903
384	rs4948088	7p12.1	50959497	7	4e-08	NA - COBL	17.034386382832476	1154733268
385	rs10277986	7p12.1	50961290	7	1e-07	NA - COBL	16.11809565095832	1154735061
386	rs7795896	7q31.2	117446559	7	2e-16	CFTR	36.14821430734479	1221220330
387	rs148505224		117532167	7	2e-08		17.72753356339242	1221305938
388	rs77768351		129944187	7	8e-09		18.643824295266576	1233717958
389	rs62489382		129949957	7	5e-12		26.021583203494448	1233723728
390	rs2250903	8p23.1	11877675	8	1e-10	CTSB - OR7E158P	23.025850929940457	1245601403
391	rs2250903	8p23.1	11877675	8	1e-10	CTSB - OR7E158P	23.025850929940457	1245601403
392	rs2410601	8p22	19065067	8	4e-06	PSD3	12.429216196844383	1252788795
393	rs188998530		20451062	8	8e-09		18.643824295266576	1254174790
394	rs1586135813		56693303	8	4e-10		21.639556568820566	1290417031
395	rs1586135813		56693303	8	3e-08		17.322068455284256	1290417031
396	rs1947178	8q12.1	58959618	8	2e-09	TOX	20.030118656386467	1292683346
397	rs571622299	8q21.11	72930288	8	6e-06	KCNB2	12.02375108873622	1306654016
398	rs575681391		76353999	8	1e-08		18.420680743952367	1310077727
399	rs575681391		76353999	8	4e-06		12.429216196844383	1310077727
400	rs12679857	8q24.12	118965098	8	4e-07	TNFRSF11B - RNU6-12P	14.73180128983843	1352688826
401	rs13259300	8q24.12	119070702	8	3e-10	COLEC10	21.927238641272346	1352794430
402	rs4871297	8q24.13	122693916	8	2e-06	LINC01151	13.122363377404328	1356417644
403	rs35766765	8q24.22	132775726	8	3e-06	PHF20L1	12.716898269296165	1366499454
404	rs3802214	8q24.3	140606084	8	3e-08	AGO2	17.322068455284256	1374329812
405	rs6476839	9p24.2	4290823	9	1e-09	GLIS3	20.72326583694641	1378620635
406	rs7020673	9p24.2	4291747	9	5e-12	GLIS3	26.021583203494448	1378621559
407	rs10758593	9p24.2	4292083	9	3e-06	GLIS3	12.716898269296165	1378621895
408	rs74629033	9p24.1	5421234	9	5e-06	PLGRKT	12.206072645530174	1379751046
409	rs1396962964		5703334	9	4e-10		21.639556568820566	1380033146
410	rs1396962964		5703334	9	5e-08		16.811242831518264	1380033146
411	rs10961433	9p22.3	14228472	9	2e-06	NFIB	13.122363377404328	1388558284
412	rs224009		20324372	9	7e-23		51.013546989807736	1394654184
413	rs224009		20324372	9	3e-09		19.624653548278303	1394654184
414	rs1970112	9p21.3	22085599	9	1e-08	CDKN2B-AS1	18.420680743952367	1396415411
415	rs143723948	9p13.2	37034098	9	6e-07	PAX5	14.326336181730264	1411363910
416	rs12344245	9q21.12	69340801	9	9e-06	FAM189A2	11.618285980628055	1443670613
417	rs12344245	9q21.12	69340801	9	9e-06	FAM189A2	11.618285980628055	1443670613
418	rs72739842		71822481	9	5e-08		16.811242831518264	1446152293
419	rs1405209	9q31.1	99823263	9	3e-08	NR4A3, STX17-AS1	17.322068455284256	1474153075
420	rs1405209	9q31.1	99823263	9	3e-08	NR4A3, STX17-AS1	17.322068455284256	1474153075
421	rs4837404	9q34.11	129743380	9	5e-06	PTGES	12.206072645530174	1504073192
422	rs541856133	9q34.13	133060938	9	4e-17	GTF3C5 - CEL	37.75765221977888	1507390750
423	rs657152	9q34.2	133263862	9	1e-13	ABO, ABO	29.933606208922594	1507593674
424	rs61839660	10p15.1	6052734	10	3e-39	IL2RA	88.70220633809967	1513646408
425	rs12722495	10p15.1	6055320	10	1e-38	IL2RA	87.49823353377374	1513648994
426	rs10795791	10p15.1	6066377	10	6e-11	IL2RA - RPL32P23	23.536676553706446	1513660051
427	rs12251307	10p15.1	6081532	10	2e-06	RPL32P23 - RBM17	13.122363377404328	1513675206
428	rs12251307	10p15.1	6081532	10	1e-13	RPL32P23 - RBM17	29.933606208922594	1513675206
429	rs41295121	10p15.1	6087680	10	5e-08	RPL32P23 - RBM17	16.811242831518264	1513681354
430	rs947474	10p15.1	6348488	10	4e-09	LINC02649	19.33697147582652	1513942162
431	rs11258747	10p15.1	6430929	10	1e-07	PRKCQ	16.11809565095832	1514024603
432	rs537544	10p14	8066419	10	9e-09	GATA3	18.526041259610192	1515660093
433	rs117826205	10p12.31	19168458	10	6e-06	MALRD1	12.02375108873622	1526762132
434	rs722988	10p11.22	33137219	10	3e-15	IATPR - NRP1	33.44016410624258	1540730893
435	rs722988	10p11.22	33137219	10	3e-15	IATPR - NRP1	33.44016410624258	1540730893
436	rs1816797		60664647	10	2e-08		17.72753356339242	1568258321
437	rs78325861	10q22.1	70618733	10	2e-11	PRF1 - ADAMTS14	24.635288842374557	1578212407
438	rs10509540	10q23.31	88263276	10	1e-28	NA - RNLS	64.47238260383328	1595856950
439	rs12416116	10q23.31	88275897	10	4e-15	RNLS	33.1524820337908	1595869571
440	rs1326934	10q24.1	95524324	10	6e-07	SORBS1	14.326336181730264	1603117998
441	rs10786436	10q24.2	98540425	10	8e-07	HPSE2	14.038654109278484	1606134099
442	rs544143586		120940685	10	2e-08		17.72753356339242	1628534359
443	rs113306148	10q26.13	122400322	10	3e-06	PLEKHA1	12.716898269296165	1629993996
444	rs10829984		131361823	10	5e-12		26.021583203494448	1638955497
445	rs10829984		131361823	10	2e-08		17.72753356339242	1638955497
446	rs3741208	11p15.5	2148544	11	2e-07	INS-IGF2, IGF2-AS	15.424948470398375	1641104041
447	rs1004446	11p15.5	2148913	11	4e-09	INS-IGF2	19.33697147582652	1641104410
448	rs1004446	11p15.5	2148913	11	2.9999999999999994e-23	INS-IGF2	51.860844850194944	1641104410
449	rs689	11p15.5	2160994	11	4.9999999999999995e-196	INS-IGF2, INS	449.69724031439887	1641116491
450	rs689	11p15.5	2160994	11	1e-100	INS-IGF2, INS	230.25850929940458	1641116491
451	rs3842727	11p15.5	2163618	11	3e-07	INS - TH	15.01948336229021	1641119115
452	rs3842727	11p15.5	2163618	11	1e-07	INS - TH	16.11809565095832	1641119115
453	rs3842727	11p15.5	2163618	11	6e-06	INS - TH	12.02375108873622	1641119115
454	rs72853903	11p15.5	2177435	11	6e-10	MIR4686 - ASCL2	21.234091460712403	1641132932
455	rs7111341	11p15.5	2191936	11	4e-48	MIR4686 - ASCL2	109.13779010259431	1641147433
456	rs10831551	11p15.5	2217058	11	5e-06	MIR4686 - ASCL2	12.206072645530174	1641172555
457	rs140215710	11p15.4	2881830	11	4e-08	KCNQ1DN - CDKN1C	17.034386382832476	1641837327
458	rs61879614	11p15.4	8058878	11	3e-06	TUB	12.716898269296165	1647014375
459	rs4638289		18264227	11	4e-09		19.33697147582652	1657219724
460	rs7128060		18269981	11	3e-39		88.70220633809967	1657225478
461	rs190446914		33955292	11	2e-09		20.030118656386467	1672910789
462	rs11033048	11p13	35267496	11	2e-10	SLC1A2	22.33270374938051	1674222993
463	rs11033048	11p13	35267496	11	2e-10	SLC1A2	22.33270374938051	1674222993
464	rs79538630	11q12.2	60961822	11	1e-09	SLC15A3 - CD6	20.72326583694641	1699917319
465	rs79538630	11q12.2	60961822	11	1e-09	SLC15A3 - CD6	20.72326583694641	1699917319
466	rs968567	11q12.2	61828092	11	8e-09	FADS1, FADS2	18.643824295266576	1700783589
467	rs968567	11q12.2	61828092	11	8e-09	FADS1, FADS2	18.643824295266576	1700783589
468	rs645078	11q13.1	64367826	11	3e-09	RPS6KA4	19.624653548278303	1703323323
469	rs645078	11q13.1	64367826	11	3e-09	RPS6KA4	19.624653548278303	1703323323
470	rs312024		68326963	11	2e-12		26.937873935368604	1707282460
471	rs312024		68326963	11	1e-09		20.72326583694641	1707282460
472	rs4084127	11q13.3	69781755	11	3e-06	FGF4 - FGF3	12.716898269296165	1708737252
473	rs7936434	11q13.5	76582761	11	4e-08	EMSY - LINC02757	17.034386382832476	1715538258
474	rs188260549		78403273	11	5e-09		19.11382792451231	1717358770
475	rs10625784	11q22.3	106323171	11	8e-07		14.038654109278484	1745278668
476	rs607703	11q24.3	128734279	11	1e-10	FLI1	23.025850929940457	1767689776
477	rs605093	11q24.3	128734337	11	4e-09	FLI1	19.33697147582652	1767689834
478	rs605093	11q24.3	128734337	11	4e-09	FLI1	19.33697147582652	1767689834
479	rs1805731	12p13.31	8942630	12	4e-08	M6PR	17.034386382832476	1776632464
480	rs1805731	12p13.31	8942630	12	4e-08	M6PR	17.034386382832476	1776632464
481	rs7301381	12p13.31	8971336	12	5e-11	KLRG1	23.7189981105004	1776661170
482	rs917911	12p13.31	9753255	12	2e-07	CD69	15.424948470398375	1777443089
483	rs4763879	12p13.31	9757568	12	2e-11	CD69	24.635288842374557	1777447402
484	rs7313065	12q13.13	53077434	12	3e-09	SPRYD3	19.624653548278303	1820767268
485	rs7313065	12q13.13	53077434	12	3e-09	SPRYD3	19.624653548278303	1820767268
486	rs1701704	12q13.2	56018703	12	9e-10	IKZF4	20.82862635260424	1823708537
487	rs1701704	12q13.2	56018703	12	5e-18	IKZF4	39.837093761458725	1823708537
488	rs705705	12q13.2	56041720	12	4e-32	RPS26	72.29642861468957	1823731554
489	rs2292239	12q13.2	56088396	12	3e-16	ERBB3	35.74274919923662	1823778230
490	rs2292239	12q13.2	56088396	12	2e-20	ERBB3	45.35855467932097	1823778230
491	rs2292239	12q13.2	56088396	12	2e-25	ERBB3	56.8714801442912	1823778230
492	rs2292239	12q13.2	56088396	12	3e-27	ERBB3	61.071185222171124	1823778230
493	rs17178006		65324519	12	1e-06		13.815510557964274	1833014353
494	rs17178006		65324519	12	3e-08		17.322068455284256	1833014353
495	rs2255593		65543332	12	1e-09		20.72326583694641	1833233166
496	rs2255593		65543332	12	7e-09		18.7773556878911	1833233166
497	rs2250519		65644210	12	1e-14		32.23619130191664	1833334044
498	rs2250519		65644210	12	7e-10		21.079940780885142	1833334044
499	rs3184504	12q24.12	111446804	12	3e-27	ATXN2, SH2B3	61.071185222171124	1879136638
500	rs3184504	12q24.12	111446804	12	2e-38	ATXN2, SH2B3	86.8050863532138	1879136638
501	rs3184504	12q24.12	111446804	12	4e-07	ATXN2, SH2B3	14.73180128983843	1879136638
502	rs653178	12q24.12	111569952	12	2e-44	ATXN2	100.62059691117807	1879259786
503	rs17696736	12q24.13	112049014	12	6e-18	NAA25	39.654772204664766	1879738848
504	rs17696736	12q24.13	112049014	12	2e-16	NAA25	36.14821430734479	1879738848
505	rs614226	12q24.31	120536707	12	2e-06	RNF10	13.122363377404328	1888226541
506	rs74537115	13q14.11	42343795	13	5e-09	LINC02341	19.11382792451231	1930570336
507	rs74537115	13q14.11	42343795	13	5e-09	LINC02341	19.11382792451231	1930570336
508	rs238265	13q14.11	42356523	13	2e-09	LINC02341	20.030118656386467	1930583064
509	rs539514	13q22.2	75752146	13	6e-11	LMO7	23.536676553706446	1963978687
510	rs9585056	13q32.3	99429512	13	3e-08	CCR12P - TM9SF2	17.322068455284256	1987656053
511	rs188683350		21746775	14	3e-09		19.624653548278303	2009402828
512	rs11157552		22383427	14	8e-13		27.85416466724276	2010039480
513	rs4389079		22390463	14	1e-08		18.420680743952367	2010046516
514	rs10137082	14q11.2	23370824	14	6e-06	EFS - IL25	12.02375108873622	2011026877
515	rs55846421	14q21.3	49843683	14	2e-09	NEMF	20.030118656386467	2037499736
516	rs878889	14q22.3	56754421	14	8e-07	NA - OTX2	14.038654109278484	2044410474
517	rs911263	14q24.1	68286876	14	3e-08	RAD51B	17.322068455284256	2055942929
518	rs911263	14q24.1	68286876	14	3e-08	RAD51B	17.322068455284256	2055942929
519	rs1465788	14q24.1	68796882	14	2e-12	ZFP36L1 - MAGOH3P	26.937873935368604	2056452935
520	rs148758429		96458513	14	1e-08		18.420680743952367	2084114566
521	rs148758429		96458513	14	9e-07		13.9208710736221	2084114566
522	rs1456988	14q32.2	98021670	14	3e-08	LINC01550 - NA	17.322068455284256	2085677723
523	rs4900384	14q32.2	98032614	14	4e-09	LINC01550 - NA	19.33697147582652	2085688667
524	rs941576	14q32.2	100839708	14	1e-10	MEG3	23.025850929940457	2088495761
525	rs56994090	14q32.2	100840110	14	1e-11	MEG3	25.328436022934504	2088496163
526	rs77081773		27596077	15	2e-20		45.35855467932097	2116092240
527	rs77081773		27596077	15	2e-08		17.72753356339242	2116092240
528	rs8035957	15q14	38546063	15	4e-06	RASGRP1	12.429216196844383	2127042226
529	rs72727394	15q14	38554821	15	4e-10	RASGRP1	21.639556568820566	2127050984
530	rs7171171	15q14	38614840	15	2e-07	RASGRP1 - LINC02694	15.424948470398375	2127111003
531	rs182087948		46441258	15	4e-09		19.33697147582652	2134937421
532	rs79237700	15q21.3	53449415	15	2e-06	LINC02490 - WDR72	13.122363377404328	2141945578
533	rs188453055		74624584	15	3e-09		19.624653548278303	2163120747
534	rs188453055		74624584	15	2e-06		13.122363377404328	2163120747
535	rs34593439	15q25.1	78942615	15	9e-14	CTSH	30.03896672458042	2167438778
536	rs3825932	15q25.1	78943104	15	3e-15	CTSH	33.44016410624258	2167439267
537	rs3825932	15q25.1	78943104	15	8e-08	CTSH	16.34123920227253	2167439267
538	rs12437854	15q26.1	93598604	15	2e-09		20.030118656386467	2182094767
539	rs9934817	16p13.3	6086218	16	8e-06	RBFOX1	11.736069016284437	2188180985
540	rs74956101		9864106	16	9e-10		20.82862635260424	2191958873
541	rs74956101		9864106	16	7e-11		23.38252587387919	2191958873
542	rs12708716	16p13.13	11086016	16	7e-13	CLEC16A	27.98769605986728	2193180783
543	rs12708716	16p13.13	11086016	16	3e-18	CLEC16A	40.34791938522471	2193180783
544	rs12708716	16p13.13	11086016	16	2e-16	CLEC16A	36.14821430734479	2193180783
545	rs12708716	16p13.13	11086016	16	5e-14	CLEC16A	30.626753389482538	2193180783
546	rs12927355	16p13.13	11100914	16	3e-22	CLEC16A	49.558259757200894	2193195681
547	rs2903692	16p13.13	11144926	16	7e-11	CLEC16A	23.38252587387919	2193239693
548	rs193778	16p13.13	11257354	16	4e-10	RMI2	21.639556568820566	2193352121
549	rs416603	16p13.13	11270222	16	3e-06	RMI2	12.716898269296165	2193364989
550	rs12444268	16p12.3	20331250	16	2e-07	GP2 - UMOD	15.424948470398375	2202426017
551	rs4238595	16p12.3	20331769	16	2e-11	GP2 - UMOD	24.635288842374557	2202426536
552	rs4238595	16p12.3	20331769	16	2e-11	GP2 - UMOD	24.635288842374557	2202426536
553	rs4238595	16p12.3	20331769	16	2e-11	GP2 - UMOD	24.635288842374557	2202426536
554	rs1110458	16p12.2	22969144	16	8e-06	HS3ST2 - USP31	11.736069016284437	2205063911
555	rs151234	16p12.1	28494339	16	5e-11	CLN3	23.7189981105004	2210589106
556	rs4788084	16p11.2	28528527	16	3e-13	IL27 - NUPR1	28.834993920254483	2210623294
557	rs4788084	16p11.2	28528527	16	1e-08	IL27 - NUPR1	18.420680743952367	2210623294
558	rs562286756		51887655	16	2e-09		20.030118656386467	2233982422
559	rs187229894		61597297	16	8e-09		18.643824295266576	2243692064
560	rs117426660		73991175	16	2e-08		17.72753356339242	2256085942
561	rs7202877	16q23.1	75213347	16	3e-15	CTRB2 - CTRB1	33.44016410624258	2257308114
562	rs8056814	16q23.1	75218429	16	3e-19	CTRB2 - CTRB1	42.65050447821876	2257313196
563	rs8046043	16q23.2	80250127	16	2e-08		17.72753356339242	2262344894
564	rs34319244	17p13.2	4424870	17	3e-06	UBE2G1 - SPNS3	12.716898269296165	2266769764
565	rs61759532	17p13.1	7337072	17	2e-10	ACAP1	22.33270374938051	2269681966
566	rs16956936	17p13.1	7730374	17	5e-07	DNAH2	14.508657738524219	2270075268
567	rs2941522	17q12	39754115	17	7e-09	GRB7 - IKZF3	18.7773556878911	2302099009
568	rs2872507	17q21.1	39884510	17	2e-06	ZPBP2 - GSDMB	13.122363377404328	2302229404
569	rs12453507	17q21.1	39896954	17	1e-08	ZPBP2 - GSDMB	18.420680743952367	2302241848
570	rs2290400	17q21.1	39909987	17	6e-13	GSDMB	28.14184673969454	2302254881
571	rs7221109	17q21.2	40614034	17	1e-09	CCR7 - SMARCE1	20.72326583694641	2302958928
572	rs757411	17q21.2	40618898	17	1e-07	CCR7 - SMARCE1	16.11809565095832	2302963792
573	rs1052553	17q21.31	45996523	17	8e-08	MAPT, MAPT, MAPT	16.34123920227253	2308341417
574	rs1052553	17q21.31	45996523	17	2e-15	MAPT, MAPT, MAPT	33.84562921435074	2308341417
575	rs1052553	17q21.31	45996523	17	2e-15	MAPT	33.84562921435074	2308341417
576	rs11651753	17q21.32	47951723	17	1e-09	PNPO - PRR15L	20.72326583694641	2310296617
577	rs2597169	17q21.32	47956725	17	3e-09	PRR15L	19.624653548278303	2310301619
578	rs2597169	17q21.32	47956725	17	3e-09	PRR15L	19.624653548278303	2310301619
579	rs57209021	17q24.2	68168777	17	4e-08	RDM1P3 - ARHGAP27P2	17.034386382832476	2330513671
580	rs2542151	18p11.21	12779948	18	9e-08	LINC01882 - PTPN2	16.223456166616145	2343293619
581	rs2542151	18p11.21	12779948	18	1e-14	LINC01882 - PTPN2	32.23619130191664	2343293619
582	rs2542151	18p11.21	12779948	18	4e-13	LINC01882 - PTPN2	28.547311847802703	2343293619
583	rs1893217	18p11.21	12809341	18	4e-15	PTPN2	33.1524820337908	2343323012
584	rs1893217	18p11.21	12809341	18	1e-15	PTPN2	34.538776394910684	2343323012
585	rs12971201	18p11.21	12830539	18	2e-06	PTPN2	13.122363377404328	2343344210
586	rs550543239		21507398	18	2e-08		17.72753356339242	2352021069
587	rs113114656	18q21.1	47872985	18	2e-06	SMAD2	13.122363377404328	2378386656
588	rs144833113		58389479	18	5e-10		21.416413017506358	2388903150
589	rs144833113		58389479	18	2e-07		15.424948470398375	2388903150
590	rs118037200		58518360	18	5e-09		19.11382792451231	2389032031
591	rs118037200		58518360	18	3e-08		17.322068455284256	2389032031
592	rs144512578		69405649	18	1e-06		13.815510557964274	2399919320
593	rs146427450		69571112	18	1e-10		23.025850929940457	2400084783
594	rs1615504	18q22.2	69859408	18	2e-11	CD226	24.635288842374557	2400373079
595	rs763361	18q22.2	69864406	18	1e-08	CD226	18.420680743952367	2400378077
596	rs763361	18q22.2	69864406	18	1e-09	CD226	20.72326583694641	2400378077
597	rs34536443	19p13.2	10352442	19	4e-15	TYK2	33.1524820337908	2410730519
598	rs12720356	19p13.2	10359299	19	4e-07	TYK2	14.73180128983843	2410737376
599	rs2304256	19p13.2	10364976	19	4e-09	TYK2	19.33697147582652	2410743053
600	rs2304256	19p13.2	10364976	19	1e-10	TYK2	23.025850929940457	2410743053
601	rs7351085		31157758	19	4e-16		35.45506712678484	2431535835
602	rs7351085		31157758	19	2e-08		17.72753356339242	2431535835
603	rs563597519		35897277	19	2e-06		13.122363377404328	2436275354
604	rs45518931		36013582	19	1e-08		18.420680743952367	2436391659
605	rs752049703		36633617	19	4e-08		17.034386382832476	2437011694
606	rs189285397		37034392	19	3e-08		17.322068455284256	2437412469
607	rs425105	19q13.32	46705224	19	3e-11	PRKD2	24.229823734266393	2447083301
608	rs402072	19q13.32	46715865	19	5e-08	PRKD2	16.811242831518264	2447093942
609	rs553696081		47871241	19	2e-08		17.72753356339242	2448249318
610	rs516246	19q13.33	48702915	19	5e-14	FUT2	30.626753389482538	2449080992
611	rs6055069	20p13	153643	20	1e-06	DEFB126 - DEFB127	13.815510557964274	2449234635
612	rs2281808	20p13	1629905	20	1e-11	SIRPG	25.328436022934504	2450710897
613	rs6043409	20p13	1635560	20	3e-10	SIRPG-AS1, SIRPG	21.927238641272346	2450716552
614	rs543301155		4377254	20	3e-09		19.624653548278303	2453458246
615	rs543301155		4377254	20	4e-06		12.429216196844383	2453458246
616	rs13045180	20q11.21	32943738	20	9e-06	EFCAB8	11.618285980628055	2482024730
617	rs11698685	20q13.33	60320788	20	1e-06	MIR646HG	13.815510557964274	2509401780
618	rs6027506	20q13.33	60321657	20	5e-06	MIR646HG	12.206072645530174	2509402649
619	rs67213764	21q21.1	19974842	21	9e-06	LINC01683 - NA	11.618285980628055	2529377491
620	rs12482425	21q21.2	23556791	21	9e-06		11.618285980628055	2532959440
621	rs531381284		41956642	21	4e-09		19.33697147582652	2551359291
622	rs531381284		41956642	21	2e-07		15.424948470398375	2551359291
623	rs11203202	21q22.3	42405248	21	1e-15	UBASH3A	34.538776394910684	2551807897
624	rs11203203	21q22.3	42416077	21	2e-09	UBASH3A	20.030118656386467	2551818726
625	rs9976767	21q22.3	42416281	21	2e-08	UBASH3A	17.72753356339242	2551818930
626	rs3788013	21q22.3	42421219	21	1e-07	UBASH3A	16.11809565095832	2551823868
627	rs6518350	21q22.3	44201934	21	1e-07	GATD3A	16.11809565095832	2553604583
628	rs56178904	21q22.3	44204668	21	7e-11	GATD3A	23.38252587387919	2553607317
629	rs56178904	21q22.3	44204668	21	7e-11	GATD3A	23.38252587387919	2553607317
630	rs74203920	21q22.3	44294411	21	2e-08	AIRE	17.72753356339242	2553697060
631	rs1568959252		44998426	21	8e-09		18.643824295266576	2554401075
632	rs1568959252		44998426	21	6e-10		21.234091460712403	2554401075
633	rs428595	22q11.21	21662102	22	2e-06	MIR130B - PPIL2	13.122363377404328	2576063177
634	rs428595	22q11.21	21662102	22	1e-06	MIR130B - PPIL2	13.815510557964274	2576063177
635	rs373009901	22q12.1	25592812	22	9e-06	GRK3	11.618285980628055	2579993887
636	rs4820830	22q12.2	30135102	22	1e-12	HORMAD2	27.631021115928547	2584536177
637	rs5753037	22q12.2	30185733	22	3e-16	HORMAD2 - LIF-AS1	35.74274919923662	2584586808
638	rs743777	22q12.3	37155567	22	2e-06	IL2RB	13.122363377404328	2591556642
639	rs229533	22q12.3	37191071	22	2e-08	C1QTNF6	17.72753356339242	2591592146
640	rs229541	22q12.3	37195278	22	2e-08	C1QTNF6	17.72753356339242	2591596353
641	rs229541	22q12.3	37195278	22	2e-07	C1QTNF6	15.424948470398375	2591596353
