rsid	finland	alt_allele	italy_toscani	alt_allele_1	british	alt_allele_2
rs559047	0.237373737373737	A	0.182242990654206	A	0.25	A
rs61211515	0.0606060606060606	TTTTTTTTTTTTT	0.168224299065421	TTTTTTTTTTTTT	0.1516	TTTTTTTTTTTTT
rs3135002	0.792929292929293	C	0.850467289719626	C	0.8987	C
rs9260151	0.0909090909090909	T	0.14018691588785	T	0.2404	T
rs9810233	0.333333333333333	G	0.247663551401869	G	0.2532	G
rs836589	0.828282828282828	G	0.808411214953271	G	0.7373	G
rs6931865	0.595959595959596	G	0.621495327102804	G	0.6646	G
rs950146	0.439393939393939	T	0.462616822429907	T	0.4684	T
rs2990510	0.297979797979798	G	0.369158878504673	G	0.3101	G
rs9850225	0.267676767676768	C	0.266355140186916	C	0.3481	C
rs478222	0.570707070707071	T	0.514018691588785	T	0.4745	T
rs539514	0.646464646464647	T	0.462616822429907	T	0.4177	T
rs924043	0.863636363636364	C	0.873831775700935	C	0.7975	C
rs550448	0.883838383838384	A	0.901869158878505	A	0.807	A
rs12679857	0.358585858585859	G	0.355140186915888	G	0.3165	G
rs6547853	0.358585858585859	A	0.350467289719626	A	0.3608	A
rs4084127	0.308080808080808	A	0.411214953271028	A	0.3354	A
rs10786436	0.297979797979798	T	0.308411214953271	T	0.2722	T
rs10137082	0.176767676767677	T	0.289719626168224	T	0.25	T
rs2524054	0.797979797979798	C	0.841121495327103	C	0.9335	C
rs11725853	0.176767676767677	C	0.224299065420561	A	0.2038	C
rs2410601	0.606060606060606	C	0.602803738317757	C	0.5	C
rs4972593	0.0656565656565657	A	0.168224299065421	A	0.2595	A
rs2304256	0.262626262626263	A	0.280373831775701	A	0.2722	A
rs1326934	0.686868686868687	T	0.593457943925234	T	0.4747	T
rs2523989	0.131313131313131	T	0.0841121495327103	T	0.07278	T
rs886424	0.0707070707070707	T	0.0560747663551402	T	0.0538	T
rs2251396	0.292929292929293	A	0.177570093457944	A	0.1582	A
rs2857595	0.176767676767677	A	0.126168224299065	A	0.1108	A
rs1270942	0.0656565656565657	G	0.0654205607476635	G	0.01911	G
rs1980493	0.106060606060606	C	0.116822429906542	C	0.03481	C
rs1015166	0.404040404040404	T	0.252336448598131	T	0.1752	T
rs2153977	0.373737373737374	T	0.331775700934579	T	0.288	T
rs2476601	0.868686868686869	G	0.939252336448598	G	0.9842	G
rs2358994	0.222222222222222	A	0.163551401869159	A	0.1741	A
rs7679475	0.606060606060606	G	0.602803738317757	G	0.7215	G
rs11755527	0.358585858585859	G	0.490654205607477	G	0.4272	G
rs947474	0.813131313131313	A	0.799065420560748	A	0.788	A
rs3825932	0.606060606060606	C	0.560747663551402	C	0.6013	C
rs229541	0.383838383838384	A	0.420560747663551	A	0.5506	A
rs416603	0.358585858585859	T	0.532710280373832	T	0.4809	T
rs6679677	0.121212121212121	A	0.0607476635514019	A	0.01266	A
rs3087243	0.373737373737374	A	0.52803738317757	A	0.538	A
rs17696736	0.363636363636364	G	0.509345794392523	G	0.3766	G
rs2292239	0.676767676767677	G	0.714953271028037	G	0.7595	G
rs2542151	0.853535353535353	T	0.869158878504673	T	0.8639	T
rs9272346	0.464646464646465	A	0.565420560747664	A	0.668	A
rs2165738	0.752525252525252	G	0.747663551401869	G	0.7247	G
rs12251307	0.131313131313131	T	0.0747663551401869	T	0.1044	T
rs12708716	0.287878787878788	G	0.476635514018692	G	0.4051	G
rs1004446	0.343434343434343	A	0.355140186915888	A	0.2166	A
rs2903692	0.272727272727273	A	0.490654205607477	A	0.4108	A
rs2647044	0.0606060606060606	A	0.11214953271028	A	0.1176	A
rs763361	0.545454545454545	C	0.509345794392523	C	0.3734	C
rs1445898	0.52020202020202	T	0.448598130841121	T	0.4842	T
rs6897932	0.373737373737374	T	0.214953271028037	T	0.1424	T
rs9653442	0.525252525252525	T	0.560747663551402	T	0.5601	T
rs3741208	0.601010101010101	G	0.654205607476635	G	0.6506	G
rs1990760	0.590909090909091	T	0.560747663551402	T	0.4905	T
rs1701704	0.323232323232323	G	0.280373831775701	G	0.242	G
rs7588550	0.944444444444444	A	0.925233644859813	A	0.9747	A
rs12437854	0.095959595959596	G	0.0654205607476635	G	0.08228	G
rs7583877	0.777777777777778	T	0.785046728971963	T	0.7057	T
rs6027506	0.358585858585859	G	0.406542056074766	G	0.3471	G
rs11723864	0.121212121212121	G	0.0841121495327103	G	0.06013	G
rs614226	0.186868686868687	T	0.247663551401869	T	0.231	T
rs13045180	0.232323232323232	T	0.196261682242991	T	0.2025	T
rs11698685	0.318181818181818	A	0.350467289719626	A	0.3165	A
rs4871297	0.53030303030303	A	0.537383177570093	A	0.557	A
rs3757247	0.368686868686869	T	0.514018691588785	T	0.4525	T
rs8035957	0.272727272727273	C	0.196261682242991	C	0.3153	C
rs9976767	0.333333333333333	G	0.467289719626168	G	0.4905	G
rs1983853	0.116161616161616	T	0.228971962616822	T	0.193	T
rs10758593	0.398989898989899	A	0.467289719626168	A	0.4459	A
rs11258747	0.242424242424242	T	0.196261682242991	T	0.1013	T
rs3184504	0.641414141414141	C	0.47196261682243	C	0.6266	C
rs1893217	0.151515151515152	G	0.126168224299065	G	0.1203	G
rs11203203	0.247474747474747	A	0.439252336448598	A	0.4114	A
rs3024505	0.171717171717172	A	0.186915887850467	A	0.1369	A
rs9388489	0.348484848484849	G	0.579439252336449	G	0.6487	G
rs4948088	0.97979797979798	C	0.985981308411215	C	0.9747	C
rs10509540	0.257575757575758	C	0.228971962616822	C	0.2373	C
rs4763879	0.353535353535354	A	0.327102803738318	A	0.2595	A
rs4900384	0.358585858585859	G	0.271028037383178	G	0.3025	G
rs7202877	0.0909090909090909	G	0.0560747663551402	G	0.06329	G
rs2281808	0.712121212121212	C	0.677570093457944	C	0.7563	C
rs5753037	0.297979797979798	T	0.383177570093458	T	0.231	T
rs2269241	0.333333333333333	C	0.191588785046729	C	0.1551	C
rs1534422	0.601010101010101	A	0.551401869158878	A	0.5538	A
rs9268645	0.282828282828283	G	0.448598130841121	G	0.6266	G
rs4505848	0.419191919191919	G	0.285046728971963	G	0.1871	G
rs2290400	0.55050505050505	C	0.481308411214953	C	0.4589	C
rs7804356	0.161616161616162	C	0.210280373831776	C	0.2215	C
rs16956936	0.0808080808080808	T	0.168224299065421	T	0.06013	T
rs425105	0.202020202020202	C	0.168224299065421	C	0.1203	C
rs7221109	0.616161616161616	C	0.495327102803738	C	0.3892	C
rs2664170	0.73125	A	0.801242236024845	A	0.7564	A
rs12444268	0.333333333333333	A	0.280373831775701	A	0.1487	A
rs7111341	0.277777777777778	T	0.257009345794392	T	0.1709	T
rs10517086	0.267676767676768	A	0.294392523364486	A	0.2247	A
rs7020673	0.474747474747475	G	0.546728971962617	G	0.5791	G
rs1465788	0.626262626262626	C	0.719626168224299	C	0.7943	C
rs4788084	0.429292929292929	T	0.303738317757009	T	0.2548	T
rs17388568	0.383838383838384	A	0.228971962616822	A	0.1424	A
rs12722495	0.0454545454545455	C	0.0934579439252336	C	0.08861	C
rs3788013	0.303030303030303	A	0.434579439252336	A	0.4747	A
rs743777	0.333333333333333	G	0.378504672897196	G	0.2911	G
rs2069762	0.308080808080808	C	0.327102803738318	C	0.5063	C
rs7171171	0.207070707070707	G	0.144859813084112	G	0.2057	G
rs2872507	0.515151515151515	A	0.448598130841121	A	0.3608	A
rs689	0.762626262626263	T	0.710280373831776	T	0.788	T
rs7528684	0.414141414141414	G	0.537383177570093	G	0.5253	G
rs657152	0.515151515151515	C	0.588785046728972	C	0.6424	C
rs3842727	0.732323232323232	T	0.705607476635514	T	0.7739	T
rs73043122	0.0101010101010101	C	0.0186915887850467	C	0.02414	C
rs113306148	0.005050505050505	T	0.014018691588785	T	0.01899	T
rs10831551	0.0454545454545455	C	0.116822429906542	C	0.2166	C
rs428595	0.98989898989899	G	0.985981308411215	G	0.9903	G
rs11705721	0.277777777777778	C	0.434579439252336	C	0.3924	C
rs28600853						
rs9934817	0.0252525252525253	G	0.0093457943925233	G	0.08544	G
rs1970112	0.383838383838384	C	0.546728971962617	C	0.6709	C
rs181176493	0.005050505050505	A	0.0046728971962616	A		
rs70962766	0.97979797979798	TTTTTTTTTTTTTT	1.0	TTTTTTTTTTTTTT	0.004274	TTTTTTTTTTTTTTTTTTTTTTTTTTT
rs138181578	0.97979797979798	TTTTTTTTTT	0.985981308411215	TTTTTTTTTT	0.0609	TTTTTTTTTTT
rs10625784	0.994949494949495	AAAAAA	1.0	AAAAAA	0.9557	AAAAAA
rs79237700	0.0555555555555556	C	0.0186915887850467	C	0.03165	C
rs574480779	0.0101010101010101	AAAAAAAAAAAAAA	0.0700934579439252	AAAAAAAAAAAAAA	0.02692	AAAAAAAAAAAAAAAA
rs1344228	0.116161616161616	T	0.168224299065421	T	0.1899	T
rs6055069	0.984848484848485	C	0.97196261682243	C	0.8987	C
rs17206992	0.0252525252525253	G	0.0981308411214953	G	0.06013	G
rs113517532	0.131313131313131	GATGATG	0.102803738317757	GATGATG	0.09494	GATGATG
rs73018809	0.005050505050505	T	0.014018691588785	T		
rs28641753	0.005050505050505	T	0.0560747663551402	T	0.01582	T
rs78031527	0.257575757575758	T	0.191588785046729	T	0.1899	T
rs143537377	0.151515151515152	C	0.0747663551401869	C	0.05732	C
rs115829748	0.0353535353535354	T	0.0233644859813084	T	0.003165	T
rs9354144	0.0808080808080808	A	0.135514018691589	A	0.1266	A
rs571622299	0.0101010101010101	A	0.0327102803738318	A	0.02866	A
rs143723948	0.515151515151515	T	0.5	T		
rs117826205	0.0151515151515152	C	0.014018691588785	C		
rs61879614	0.0404040404040404	C	0.0841121495327103	C	0.1108	C
rs34319244	0.555555555555556	TTTTTTTTTTTTT	0.467289719626168	TTTTTTTTTTTTT		
rs113114656	0.0252525252525253	T	0.0373831775700935	T	0.05696	T
rs67213764	0.212121212121212	G	0.317757009345794	G	0.2102	G
rs12482425	0.353535353535354	A	0.308411214953271	A	0.2816	A
rs373009901	0.0404040404040404	C	0.0327102803738318	C	0.1693	C
rs138760780			0.0093457943925233	T	0.01402	T
rs12344245	0.0606060606060606	G	0.0373831775700935	G		
rs705705	0.323232323232323	C	0.280373831775701	C	0.2305	C
rs653178	0.641414141414141	T	0.462616822429907	T	0.6306	T
rs9585056	0.757575757575758	T	0.775700934579439	T	0.7152	T
rs1456988	0.646464646464647	T	0.728971962616822	T	0.6835	T
rs56994090	0.434343434343434	C	0.350467289719626	C	0.3956	C
rs72727394	0.207070707070707	T	0.149532710280374	T	0.2215	T
rs34593439	0.126262626262626	A	0.116822429906542	A	0.08228	A
rs151234	0.111111111111111	C	0.163551401869159	C	0.1646	C
rs12927355	0.272727272727273	T	0.434579439252336	T	0.3386	T
rs193778	0.242424242424242	G	0.205607476635514	G	0.2215	G
rs8056814	0.0606060606060606	A	0.0467289719626168	A	0.05696	A
rs12453507	0.55050505050505	G	0.467289719626168	G	0.3766	G
rs757411	0.611111111111111	T	0.490654205607477	T	0.3639	T
rs1052553	0.111111111111111	G	0.364485981308411	G	0.2229	G
rs12971201	0.388888888888889	A	0.401869158878505	A	0.3639	A
rs1615504	0.54040404040404	C	0.495327102803738	C	0.3734	C
rs34536443	0.0151515151515152	C	0.0280373831775701	C	0.02848	C
rs12720356	0.101010101010101	C	0.088785046728972	C	0.07911	C
rs402072	0.166666666666667	C	0.158878504672897	C	0.1171	C
rs516246	0.303030303030303	T	0.47196261682243	T	0.5823	T
rs6043409	0.702020202020202	G	0.682242990654206	G	0.7563	G
rs11203202	0.217171717171717	G	0.345794392523364	G	0.288	G
rs6518350	0.151515151515152	G	0.163551401869159	G		
rs4820830	0.702020202020202	T	0.630841121495327	T	0.7722	T
rs6691977	0.353535353535354	C	0.163551401869159	C	0.2342	C
rs13415583	0.303030303030303	G	0.434579439252336	G	0.465	G
rs4849135	0.772727272727273	G	0.700934579439252	G	0.7057	G
rs2111485	0.585858585858586	G	0.560747663551402	G	0.5	G
rs35667974	0.0101010101010101	C	0.014018691588785	C		
rs72871627			0.0186915887850467	G	0.009494	G
rs113010081	0.156565656565657	C	0.0654205607476635	C	0.01582	C
rs75793288						
rs2611215	0.767676767676768	G	0.897196261682243	G	0.8323	G
rs11954020	0.358585858585859	G	0.448598130841121	G	0.4299	G
rs72928038	0.146464646464646	A	0.168224299065421	A	0.09494	A
rs1538171	0.348484848484849	G	0.58411214953271	G	0.6561	G
rs62447205	0.333333333333333	G	0.336448598130841	G	0.2943	G
rs10277986	0.994949494949495	A	0.985981308411215	A	0.981	A
rs6476839	0.398989898989899	T	0.467289719626168	T	0.4522	T
rs61839660	0.0353535353535354	T	0.0794392523364486	T	0.05696	T
rs10795791	0.51010101010101	G	0.373831775700935	G	0.3671	G
rs41295121	0.005050505050505	T	0.0093457943925233	T		
rs12416116	0.257575757575758	A	0.238317757009346	A	0.2452	A
rs72853903	0.343434343434343	T	0.266355140186916	T	0.1456	T
rs917911	0.353535353535354	C	0.327102803738318	C	0.2611	C
rs229533	0.383838383838384	C	0.425233644859813	C	0.5538	C
rs114631266			0.014018691588785	T	0.009554	T
rs2471863	0.45959595959596	T	0.350467289719626	T	0.3714	T
rs34941730	0.0606060606060606	G	0.163551401869159	G	0.1677	G
rs45626136	0.106060606060606	T	0.0607476635514019	T	0.03481	T
rs116020851	0.0404040404040404	T	0.0186915887850467	T	0.02848	T
rs1265057	0.409090909090909	C	0.5	C	0.5475	C
rs116763857	0.0151515151515152	G			0.01582	G
rs9264758	0.818181818181818	G	0.817757009345794	G	0.8196	G
rs9501130	0.257575757575758	T	0.186915887850467	T	0.1804	T
rs3093664	0.0808080808080808	G	0.0794392523364486	G	0.1234	G
rs3134938	0.287878787878788	T	0.163551401869159	T	0.1146	T
rs926592	0.166666666666667	A	0.233644859813084	A	0.1709	A
rs3135365	0.853535353535353	A	0.850467289719626	A	0.9019	A
rs9268576	0.0151515151515152	C	0.11214953271028	C	0.1804	C
rs7760731	0.161616161616162	A	0.322429906542056	A	0.391	A
rs9275358	0.277777777777778	G	0.11214953271028	G	0.1369	G
rs35122968	0.0757575757575758	C	0.0654205607476635	C	0.02848	C
rs3997848	0.232323232323232	G	0.406542056074766	G	0.4177	G
rs241427	0.631313131313131	G	0.691588785046729	G	0.6297	G
rs4148870	0.388888888888889	T	0.518691588785047	T	0.5637	T
rs3128930	0.166666666666667	T	0.242990654205607	T	0.1329	T
rs17407280	0.191919191919192	T	0.172897196261682	T	0.207	T
rs10919543	0.267676767676768	G	0.509345794392523	G	0.4241	G
rs7524087			0.0280373831775701	G	0.02848	G
rs77155259	0.0454545454545455	A	0.0514018691588785	A	0.03481	A
rs111821448	0.0252525252525253	T	0.0233644859813084	T	0.003165	T
rs139881548	0.0101010101010101	T	0.0046728971962616	T	0.003165	T
rs34740712	0.101010101010101	C	0.0934579439252336	C	0.07911	C
rs4513644	0.828282828282828	T	0.733644859813084	T	0.8323	T
rs78824139	0.0202020202020202	T	0.014018691588785	T	0.009494	T
rs6461299	0.393939393939394	C	0.401869158878505	C	0.5411	C
rs10255565	0.0808080808080808	C	0.177570093457944	C	0.2975	C
rs35766765	0.0555555555555556	G	0.158878504672897	G	0.2197	G
rs74629033	0.0656565656565657	A	0.11214953271028	A	0.1234	A
rs10961433	0.166666666666667	A	0.11214953271028	A	0.1139	A
rs4837404	0.656565656565657	A	0.565420560747664	A	0.6962	A
rs1110458	0.833333333333333	T	0.700934579439252	T	0.7911	T
rs2941522	0.419191919191919	T	0.532710280373832	T	0.5637	T
rs10258381	0.0353535353535354	G	0.0420560747663551	G	0.08228	G
rs7301381	0.5	C	0.397196261682243	C	0.4589	C
rs238265	0.722222222222222	G	0.738317757009346	G	0.807	G
rs4238595	0.666666666666667	C	0.677570093457944	C	0.7975	C
rs8046043	0.338383838383838	C	0.406542056074766	C	0.2848	C
rs61759532	0.191919191919192	T	0.116822429906542	T	0.1203	T
rs11651753	0.409090909090909	T	0.439252336448598	T	0.5222	T
rs57209021	0.217171717171717	T	0.327102803738318	T	0.2866	T
rs74203920	0.0404040404040404	T	0.0093457943925233	T	0.003165	T
rs10751776	0.575757575757576	C	0.570093457943925	C	0.5601	C
rs574384	0.888888888888889	A	0.883177570093458	A	0.8354	A
rs12742756	0.434343434343434	G	0.481308411214953	G	0.4557	G
rs855330	0.373737373737374	C	0.238317757009346	C	0.269	C
rs1493696	0.166666666666667	A	0.126168224299065	A	0.1551	A
rs570794153	0.111111111111111	AAAAAAAAAAAA	0.154205607476636	AAAAAAAAAAAA	0.1678	AAAAAAAAAAAA
rs12128789	0.0909090909090909	C	0.121495327102804	C	0.08861	C
rs1881146	0.287878787878788	T	0.373831775700935	T	0.3138	T
rs12464462	0.444444444444444	G	0.369158878504673	G	0.003165	T
rs13018977	0.207070707070707	A	0.280373831775701	A	0.3255	A
rs12644686	0.171717171717172	G	0.154205607476636	G	0.2627	G
rs114378220	0.106060606060606	T	0.0841121495327103	T	0.08544	T
rs766751473	0.333333333333333	G	0.364485981308411	G	0.1899	G
rs1050979	0.45959595959596	G	0.47196261682243	G	0.4841	G
rs7805218	0.439393939393939	A	0.317757009345794	A	0.316	A
rs7795896	0.621212121212121	T	0.714953271028037	T	0.6815	T
rs1947178	0.843434343434343	G	0.705607476635514	G	0.5158	G
rs13259300	0.565656565656566	C	0.742990654205608	C	0.7532	C
rs3802214	0.737373737373737	C	0.855140186915888	C	0.8291	C
rs541856133	0.005050505050505	T				
rs537544	0.55050505050505	T	0.635514018691589	T	0.6044	T
rs78325861	0.0252525252525253	G	0.0560747663551402	G	0.02866	G
rs140215710			0.014018691588785	A	0.01582	A
rs7936434	0.383838383838384	C	0.490654205607477	C	0.3917	C
rs607703	0.545454545454545	T	0.38785046728972	T	0.4209	T
rs55846421	0.267676767676768	C	0.228971962616822	C	0.1646	C
rs79538630	0.0202020202020202	T	0.0514018691588785	T	0.03165	T
rs34090353	0.373737373737374	C	0.350467289719626	C	0.307	C
rs645078	0.429292929292929	C	0.317757009345794	C	0.231	C
rs2229238	0.656565656565657	C	0.836448598130841	C	0.8248	C
rs1805731	0.338383838383838	C	0.401869158878505	C	0.3259	C
rs7313065	0.232323232323232	A	0.168224299065421	A	0.2278	A
rs74537115	0.176767676767677	T	0.0841121495327103	T	0.08917	T
rs911263	0.641414141414141	T	0.579439252336449	T	0.4937	T
rs113881148	0.691919191919192	A	0.61214953271028	A	0.6387	A
rs56178904	0.151515151515152	T	0.163551401869159	T		
rs2641348	0.146464646464646	G	0.102803738317757	G	0.07595	G
rs78037977	0.151515151515152	G	0.107476635514019	G	0.06646	G
rs2816313	0.767676767676768	A	0.738317757009346	A	0.6592	A
rs11120029	0.0909090909090909	T	0.158878504672897	T	0.1329	T
rs10169963	0.53030303030303	T	0.485981308411215	T	0.4905	T
rs12712067	0.303030303030303	T	0.429906542056075	T	0.4652	T
rs7582694	0.808080808080808	G	0.766355140186916	G	0.7293	G
rs10933559	0.196969696969697	G	0.242990654205607	G	0.2627	G
rs337637	0.323232323232323	A	0.224299065420561	A	0.09494	A
rs1876142	0.5	T	0.644859813084112	T	0.5446	T
rs968567	0.146464646464646	T	0.121495327102804	T	0.1994	T
rs605093	0.545454545454545	T	0.38785046728972	T	0.3981	T
rs2597169	0.353535353535354	G	0.38785046728972	G	0.3481	G
rs10213692	0.146464646464646	C	0.299065420560748	C	0.3259	C
rs9405661	0.45959595959596	A	0.448598130841121	A	0.4682	A
rs12665429	0.333333333333333	C	0.35981308411215	C	0.4494	C
rs212408	0.712121212121212	T	0.663551401869159	T	0.6392	T
rs17143056	0.161616161616162	G	0.102803738317757	G	0.07278	G
rs10245867	0.343434343434343	T	0.303738317757009	T	0.4209	T
rs2250903						
rs1405209	0.373737373737374	C	0.341121495327103	C	0.3846	C
rs722988	0.277777777777778	C	0.448598130841121	C	0.3631	C
rs11033048	0.358585858585859	T	0.383177570093458	T	0.4272	T
rs13147255	0.353535353535354	A	0.294392523364486	A	0.3829	A
rs857786	0.47979797979798	T	0.504672897196262	T	0.3662	T
rs553806124						
rs114721354	0.005050505050505	T	0.0046728971962616	T		
rs550543239			0.0046728971962616	C		
rs144520550	0.0404040404040404	T	0.0046728971962616	T		
rs188998530						
rs567939777						
rs562286756						
rs1816797						
rs531381284						
rs534191848						
rs61343935	0.0909090909090909	TTTTTTTT	0.014018691588785	TTTTTTTTTT	0.02848	TTTTTTTTTT
rs544143586						
rs188683350						
rs543301155						
rs752049703						
rs45518931						
rs555206121						
rs191521884						
rs189285397						
rs146172950						
rs182087948			0.0046728971962616	T		
rs575681391						
rs559043037						
rs541715332						
rs71549272	0.782828282828283	G	0.817757009345794	G	0.8859	G
rs56098412	0.0505050505050505	G	0.0560747663551402	G	0.009494	G
rs146427450	0.0101010101010101	T			0.009494	T
rs148758429	0.0303030303030303	A			0.009494	A
rs3130614	0.0707070707070707	A	0.0654205607476635	A	0.01899	A
rs187229894			0.014018691588785	G		
rs148505224	0.005050505050505	A	0.0046728971962616	A		
rs3132450	0.0707070707070707	G	0.0654205607476635	G	0.01899	G
rs376621269						
rs1150752	0.0707070707070707	C	0.0654205607476635	C	0.01948	C
rs558702	0.0707070707070707	A	0.0654205607476635	A	0.01899	A
rs1257631742						
rs1265757	0.0656565656565657	T	0.0654205607476635	T	0.01899	T
rs118037200	0.005050505050505	A	0.0046728971962616	A		
rs3130297	0.0707070707070707	T	0.0654205607476635	T	0.02215	T
rs9269032	0.0606060606060606	A	0.0607476635514019	A	0.01899	A
rs553696081			0.0046728971962616	T		
rs188260549	0.0101010101010101	T				
rs1568959252						
rs1794282	0.0555555555555556	T	0.0700934579439252	T	0.01923	T
rs896487664						
rs144833113			0.0046728971962616	T		
rs186775995	0.0303030303030303	G			0.003165	G
rs79236527	0.0101010101010101	G				
rs188453055						
rs190446914	0.005050505050505	G				
rs2255593	0.116161616161616	G	0.0934579439252336	G	0.0981	G
rs7351085	0.287878787878788	C	0.341121495327103	C	0.2089	C
rs386630424						
rs34459306	0.131313131313131	G	0.0654205607476635	G	0.01274	G
rs1586135813						
rs62489382	0.176767676767677	T	0.177570093457944	T	0.1234	T
rs62461371	0.353535353535354	C	0.186915887850467	C	0.1266	C
rs34349547	0.373737373737374	C	0.182242990654206	C	0.1577	C
rs62251992	0.191919191919192	G	0.088785046728972	G	0.05063	G
rs224009	0.671717171717172	C	0.780373831775701	C	0.9304	C
rs2250519	0.919191919191919	T	0.957943925233645	T		
rs71557351	0.131313131313131	C	0.191588785046729	C	0.1709	C
rs77081773	0.171717171717172	C	0.0700934579439252	C	0.02848	C
rs34800387	0.121212121212121	A	0.0841121495327103	A	0.06013	A
rs520449	0.585858585858586	T	0.911214953271028	T	0.9399	T
rs6723108	0.601010101010101	T	0.939252336448598	T	0.9525	T
rs6430545	0.47979797979798	A	0.822429906542056	A	0.9019	A
rs1979033	0.53030303030303	A	0.91588785046729	A	0.9462	A
rs144512578	0.0101010101010101	G				
rs13207365	0.267676767676768	C	0.116822429906542	C	0.06962	C
rs74956101	0.0202020202020202	C				
rs1396962964						
rs4713614	0.46969696969697	A	0.607476635514019	A	0.7468	A
rs116418977	0.0252525252525253	T	0.014018691588785	T	0.003165	T
rs28746946	0.176767676767677	A	0.313084112149533	A	0.3924	A
rs6930376	0.434343434343434	T	0.369158878504673	T	0.3196	T
CR024379						
rs62168795	0.409090909090909	C	0.906542056074766	C	0.9335	C
rs6730157	0.409090909090909	G	0.911214953271028	G	0.9304	G
rs1219701875						
rs6709525	0.404040404040404	G	0.91588785046729	G	0.9335	G
rs4954387	0.368686868686869	G	0.785046728971963	G	0.8386	G
rs935613	0.363636363636364	T	0.714953271028037	T	0.6139	T
rs28815269	0.585858585858586	A	0.182242990654206	A	0.1044	A
rs430133	0.207070707070707	G	0.406542056074766	G	0.4809	G
rs9260324	0.191919191919192	A	0.38785046728972	A	0.4263	A
rs7128060	0.555555555555556	T	0.58411214953271	T	0.4146	T
rs28720060	0.111111111111111	C	0.200934579439252	C	0.3956	C
rs36146296					0.1646	G
rs1962386	0.545454545454545	T	0.453271028037383	T	0.4236	T
rs10829984	0.151515151515152	G	0.191588785046729	G	0.1582	G
rs998500	0.818181818181818	C	0.551401869158878	C	0.443	C
rs11157552	0.712121212121212	C	0.733644859813084	C	0.6392	C
rs4688508	0.323232323232323	C	0.41588785046729	C	0.7247	C
rs312024	0.252525252525253	A	0.350467289719626	A	0.3829	A
rs11959635	0.146464646464646	A	0.154205607476636	A	0.1614	A
rs11130569	0.545454545454545	G	0.574766355140187	G	0.6122	G
rs17178006	0.0909090909090909	G	0.0280373831775701	G	0.01899	G
rs4704666	0.590909090909091	A	0.626168224299065	A	0.6635	A
rs185443605						
rs1425018091					0.02215	G
rs185135749	0.0353535353535354	T				
rs68006638	0.0454545454545455	A	0.0186915887850467	A		
rs1462821813						
rs35789010	0.0303030303030303	A	0.014018691588785	A	0.006329	A
rs1170010108						
rs13201341	0.0454545454545455	T	0.0233644859813084	T		
rs3884025	0.0454545454545455	A	0.0327102803738318	A		
rs6904596	0.0404040404040404	A	0.0607476635514019	A	0.02215	A
rs34888489	0.0454545454545455	A	0.0327102803738318	A		
rs34961555	0.0404040404040404	T	0.0327102803738318	T	0.003165	T
rs35768595	0.0404040404040404	T	0.0467289719626168	T	0.003356	T
rs35715914	0.0404040404040404	T	0.0467289719626168	T	0.003165	T
rs13220522	0.0454545454545455	A	0.0327102803738318	A	0.003165	A
rs13191786	0.0505050505050505	G	0.0514018691588785	G	0.003165	G
rs13195401	0.0454545454545455	T	0.0420560747663551	T	0.003165	T
rs71206067	0.0454545454545455	T	0.0420560747663551	T	0.003165	T
rs13202295	0.0454545454545455	T	0.0467289719626168	T	0.003165	T
rs13198716	0.0454545454545455	T	0.0420560747663551	T	0.003165	T
rs398110012						
rs71559067	0.0505050505050505	T	0.0514018691588785	T	0.003165	T
rs35044849	0.0454545454545455	G	0.0514018691588785	G	0.003165	G
rs13217984	0.0505050505050505	T	0.0514018691588785	T	0.003165	T
rs3130831	0.0505050505050505	A	0.0514018691588785	A	0.003165	A
rs866264659						
rs9258375	0.0555555555555556	G	0.0514018691588785	G	0.003165	G
rs413670	0.0555555555555556	A	0.0514018691588785	A	0.003165	A
rs8321	0.0656565656565657	C	0.0560747663551402	C	0.003165	C
rs3131071	0.0505050505050505	G	0.0467289719626168	G		
rs3131337	0.0505050505050505	C	0.0654205607476635	C	0.01266	C
rs2517609	0.0656565656565657	G	0.0560747663551402	G	0.02848	G
rs9257809	0.0555555555555556	G	0.0560747663551402	G	0.009615	G
rs1222508183					0.0302	TTTTTTTTTTTTTT
rs9262143	0.0656565656565657	T	0.0607476635514019	T	0.006329	T
rs3819720	0.343434343434343	A	0.369158878504673	A	0.2722	A
rs3094053	0.0656565656565657	G	0.088785046728972	G	0.02848	G
rs1405122185						
rs2523466	0.232323232323232	T	0.154205607476636	T	0.1677	T
rs2516491	0.363636363636364	C	0.224299065420561	C	0.1361	C
rs3094669	0.101010101010101	G	0.0700934579439252	G	0.01899	G
rs11229	0.151515151515152	G	0.168224299065421	G	0.172	G
rs1150757	0.0707070707070707	A	0.0654205607476635	A	0.01899	A
rs869165433						
rs116647495	0.0353535353535354	C	0.0046728971962616	C		
rs150420498	0.0252525252525253	A	0.0046728971962616	A		
rs115337486	0.0404040404040404	T	0.0046728971962616	T		
rs563597519						
rs3806155	0.0454545454545455	T			0.003165	T
rs842353	0.47979797979798	A	0.752336448598131	A	0.859	A
rs10171677	0.424242424242424	G	0.116822429906542	G	0.06013	G
rs1375131	0.409090909090909	C	0.911214953271028	C	0.9304	C
rs60701868	0.191919191919192	G	0.0981308411214953	G	0.08861	G
rs6739713	0.323232323232323	G	0.668224299065421	G	0.6994	G
rs62425513	0.181818181818182	T	0.168224299065421	T	0.2405	T
rs4389079	0.626262626262626	G	0.621495327102804	G	0.5701	G
rs9870517	0.323232323232323	C	0.41588785046729	C	0.7215	C
rs72887765	0.0656565656565657	A	0.0373831775700935	A		
rs113196564	0.0505050505050505	G	0.0467289719626168	G	0.003185	G
rs35477995	0.0404040404040404	G	0.186915887850467	G	0.2778	G
rs12465802	0.409090909090909	A	0.911214953271028	A	0.9335	A
rs7570971	0.409090909090909	A	0.91588785046729	A	0.9335	A
rs6735329	0.373737373737374	C	0.850467289719626	C	0.9019	C
rs1480207964						
rs2016636	0.363636363636364	A	0.714953271028037	A	0.6115	A
rs77768351	0.176767676767677	A	0.177570093457944	A	0.1209	A
rs13404551	0.348484848484849	C	0.771028037383178	C	0.7707	C
rs10928520	0.419191919191919	C	0.724299065420561	C	0.807	C
rs4638289	0.722222222222222	T	0.602803738317757	T	0.4525	T
rs6544495	0.717171717171717	G	0.55607476635514	G	0.586	G
rs2855448	0.47979797979798	T	0.705607476635514	T	0.8121	T
rs1569836568						
rs62392365	0.0252525252525253	T	0.0093457943925233	T		
rs34676049	0.0454545454545455	G	0.0514018691588785	G	0.003165	G
rs13198809	0.0454545454545455	A	0.0514018691588785	A	0.003165	A
rs140423469			0.0093457943925233	T		
rs3117342	0.0505050505050505	C	0.0560747663551402	C	0.003165	C
rs35243068	0.0505050505050505	A	0.0514018691588785	A	0.003165	A
rs1259270189						
rs1233488	0.0555555555555556	A	0.0514018691588785	A	0.003165	A
rs3094067	0.0656565656565657	G	0.0560747663551402	G	0.003165	G
rs3132645	0.0656565656565657	C	0.0607476635514019	C	0.01582	C
rs72739842	0.0202020202020202	T	0.0046728971962616	T	0.003165	T
rs1970	0.0656565656565657	T	0.0560747663551402	T	0.007246	T
rs3130658	0.0656565656565657	T	0.0654205607476635	T	0.009494	T
rs3132610	0.0656565656565657	G	0.0607476635514019	G	0.006329	G
rs117426660	0.0151515151515152	G	0.0093457943925233	G	0.003165	G
rs2517578	0.0656565656565657	C	0.0514018691588785	C	0.01582	C
rs1632863	0.0555555555555556	G	0.0514018691588785	G	0.006329	G
rs1793894	0.0656565656565657	A	0.0794392523364486	A	0.1171	A
rs3130985	0.0656565656565657	T	0.0747663551401869	T	0.01899	T
rs143757929			0.0046728971962616	C	0.003165	C
rs1451199489						
rs55834529	0.0353535353535354	G	0.0467289719626168	G	0.003165	G
rs888169813						
rs34196306	0.0404040404040404	C	0.0467289719626168	C		
rs72839445	0.0404040404040404	A	0.0467289719626168	A	0.003165	A
rs34788973	0.0505050505050505	A	0.0514018691588785	A	0.006329	A
rs35952432	0.0505050505050505	T	0.0514018691588785	T	0.003165	T
rs13205211	0.0505050505050505	G	0.0514018691588785	G	0.003165	G
rs3115631	0.0656565656565657	A	0.0560747663551402	A	0.003165	A
rs3131856	0.0606060606060606	C	0.0514018691588785	C	0.003165	C
rs17214290	0.0353535353535354	G	0.0373831775700935	G	0.003165	G
rs13211947	0.0454545454545455	T	0.0233644859813084	T		
rs55706012	0.0454545454545455	C	0.0327102803738318	C	0.006369	C
rs75205348	0.005050505050505	A	0.014018691588785	A		
rs35927079	0.191919191919192	AAAAAAAAAAAAAAAAA	0.191588785046729	AAAAAAAAAAAAAAAAA	0.1094	AAAAAAAAAAAAAAAAAAA
rs75782365	0.0454545454545455	G	0.0420560747663551	G	0.003165	G
rs13195728	0.0454545454545455	C	0.0467289719626168	C	0.006494	C
