rsid	finland	alt_allele	italy_toscani	alt_allele_1	british	alt_allele_2
rs705705	0.323232323232323	C	0.280373831775701	C	0.340659340659341	C
rs653178	0.641414141414141	T	0.462616822429907	T	0.5	T
rs9585056	0.757575757575758	T	0.775700934579439	T	0.752747252747253	T
rs1456988	0.646464646464647	T	0.728971962616822	T	0.747252747252747	T
rs56994090	0.434343434343434	C	0.350467289719626	C	0.401098901098901	C
rs72727394	0.207070707070707	T	0.149532710280374	T	0.159340659340659	T
rs12927355	0.272727272727273	T	0.434579439252336	T	0.318681318681319	T
rs193778	0.242424242424242	G	0.205607476635514	G	0.296703296703297	G
rs8056814	0.0606060606060606	A	0.0467289719626168	A	0.104395604395604	A
rs12453507	0.55050505050505	G	0.467289719626168	G	0.5	G
rs757411	0.611111111111111	T	0.490654205607477	T	0.631868131868132	T
rs1052553	0.111111111111111	G	0.364485981308411	G	0.247252747252747	G
rs12971201	0.388888888888889	A	0.401869158878505	A	0.384615384615385	A
rs1615504	0.54040404040404	C	0.495327102803738	C	0.478021978021978	C
rs12720356	0.101010101010101	C	0.088785046728972	C	0.104395604395604	C
rs402072	0.166666666666667	C	0.158878504672897	C	0.175824175824176	C
rs516246	0.303030303030303	T	0.47196261682243	T	0.472527472527473	T
rs6043409	0.702020202020202	G	0.682242990654206	G	0.620879120879121	G
rs11203202	0.217171717171717	G	0.345794392523364	G	0.373626373626374	G
rs6518350	0.151515151515152	G	0.163551401869159	G	0.186813186813187	G
rs4820830	0.702020202020202	T	0.630841121495327	T	0.576923076923077	T
rs6691977	0.353535353535354	C	0.163551401869159	C	0.230769230769231	C
rs3024505	0.171717171717172	A	0.186915887850467	A	0.131868131868132	A
rs13415583	0.303030303030303	G	0.434579439252336	G	0.379120879120879	G
rs4849135	0.772727272727273	G	0.700934579439252	G	0.725274725274725	G
rs2111485	0.585858585858586	G	0.560747663551402	G	0.615384615384615	G
rs35667974	0.0101010101010101	C	0.014018691588785	C	0.00549450549450549	C
rs72871627			0.0186915887850467	G	0.0164835164835165	G
rs113010081	0.156565656565657	C	0.0654205607476635	C	0.137362637362637	C
rs75793288						
rs2611215	0.767676767676768	G	0.897196261682243	G	0.879120879120879	G
rs11954020	0.358585858585859	G	0.448598130841121	G	0.434065934065934	G
rs1538171	0.348484848484849	G	0.58411214953271	G	0.461538461538462	G
rs62447205	0.333333333333333	G	0.336448598130841	G	0.313186813186813	G
rs10277986	0.994949494949495	A	0.985981308411215	A	0.972527472527473	A
rs6476839	0.398989898989899	T	0.467289719626168	T	0.461538461538462	T
rs10795791	0.51010101010101	G	0.373831775700935	G	0.417582417582418	G
rs41295121	0.00505050505050505	T	0.00934579439252336	T	0.00549450549450549	T
rs72853903	0.343434343434343	T	0.266355140186916	T	0.335164835164835	T
rs917911	0.353535353535354	C	0.327102803738318	C	0.357142857142857	C
rs229533	0.383838383838384	C	0.425233644859813	C	0.489010989010989	C
rs689	0.762626262626263	T	0.710280373831776	T	0.681318681318681	T
rs4320356	0.46969696969697	T	0.406542056074766	T	0.434065934065934	T
rs3802604	0.560606060606061	A	0.621495327102804	A	0.637362637362637	A
rs1770	0.414141414141414	G	0.383177570093458	G	0.43956043956044	G
rs705699	0.368686868686869	A	0.341121495327103	A	0.373626373626374	A
rs2523989	0.131313131313131	T	0.0841121495327103	T	0.131868131868132	T
rs886424	0.0707070707070707	T	0.0560747663551402	T	0.0989010989010989	T
rs2251396	0.292929292929293	A	0.177570093457944	A	0.230769230769231	A
rs2857595	0.176767676767677	A	0.126168224299065	A	0.142857142857143	A
rs1270942	0.0656565656565657	G	0.0654205607476635	G	0.0934065934065934	G
rs1980493	0.106060606060606	C	0.116822429906542	C	0.148351648351648	C
rs1015166	0.404040404040404	T	0.252336448598131	T	0.32967032967033	T
rs2153977	0.373737373737374	T	0.331775700934579	T	0.285714285714286	T
rs2358994	0.222222222222222	A	0.163551401869159	A	0.17032967032967	A
rs7679475	0.606060606060606	G	0.602803738317757	G	0.538461538461538	G
rs73043122	0.0101010101010101	C	0.0186915887850467	C	0.021978021978022	C
rs113306148	0.00505050505050505	T	0.014018691588785	T	0.010989010989011	T
rs10831551	0.0454545454545455	C	0.116822429906542	C	0.0274725274725275	C
rs428595	0.98989898989899	G	0.985981308411215	G	0.983516483516483	G
rs6679677	0.121212121212121	A	0.0607476635514019	A	0.0824175824175824	A
rs3184504	0.641414141414141	C	0.47196261682243	C	0.5	C
rs11705721	0.277777777777778	C	0.434579439252336	C	0.456043956043956	C
rs28600853						
rs3842727	0.732323232323232	T	0.705607476635514	T	0.664835164835165	T
rs9934817	0.0252525252525253	G	0.00934579439252336	G	0.0164835164835165	G
rs2128344	0.00505050505050505	A				
rs60587303	0.0151515151515152	C	0.00467289719626168	C		
rs34536443	0.0151515151515152	C	0.0280373831775701	C	0.0274725274725275	C
rs7460469						
rs7300146	0.257575757575758	C	0.228971962616822	C	0.236263736263736	C
rs1970112	0.383838383838384	C	0.546728971962617	C	0.5	C
rs181176493	0.00505050505050505	A	0.00467289719626168	A	0.0274725274725275	A
rs70962766	0.97979797979798	TTTTTTTTTTTTTT	1	TTTTTTTTTTTTTT	1	TTTTTTTTTTTTTT
rs138181578	0.97979797979798	TTTTTTTTTT	0.985981308411215	TTTTTTTTTT	0.994505494505495	TTTTTTTTTT
rs10625784	0.994949494949495	AAAAAA	1	AAAAAA	1	AAAAAA
rs79237700	0.0555555555555556	C	0.0186915887850467	C	0.0494505494505494	C
rs574480779	0.0101010101010101	AAAAAAAAAAAAAA	0.0700934579439252	AAAAAAAAAAAAAA	0.032967032967033	AAAAAAAAAAAAAA
rs1344228	0.116161616161616	T	0.168224299065421	T	0.104395604395604	T
rs6055069	0.984848484848485	C	0.97196261682243	C	0.989010989010989	C
rs4972593	0.0656565656565657	A	0.168224299065421	A	0.164835164835165	A
rs763361	0.545454545454545	C	0.509345794392523	C	0.478021978021978	C
rs1445898	0.52020202020202	T	0.448598130841121	T	0.445054945054945	T
rs6897932	0.373737373737374	T	0.214953271028037	T	0.28021978021978	T
rs9653442	0.525252525252525	T	0.560747663551402	T	0.587912087912088	T
rs3741208	0.601010101010101	G	0.654205607476635	G	0.692307692307692	G
rs1004446	0.343434343434343	A	0.355140186915888	A	0.445054945054945	A
rs2903692	0.272727272727273	A	0.490654205607477	A	0.318681318681319	A
rs2476601	0.868686868686869	G	0.939252336448598	G	0.912087912087912	G
rs2647044	0.0606060606060606	A	0.11214953271028	A	0.120879120879121	A
rs425105	0.202020202020202	C	0.168224299065421	C	0.175824175824176	C
rs7221109	0.616161616161616	C	0.495327102803738	C	0.648351648351648	C
rs2664170	0.73125	A	0.801242236024845	A	0.705882352941177	A
rs12444268	0.333333333333333	A	0.280373831775701	A	0.285714285714286	A
rs7111341	0.277777777777778	T	0.257009345794392	T	0.291208791208791	T
rs229541	0.383838383838384	A	0.420560747663551	A	0.489010989010989	A
rs10517086	0.267676767676768	A	0.294392523364486	A	0.302197802197802	A
rs7020673	0.474747474747475	G	0.546728971962617	G	0.565934065934066	G
rs1465788	0.626262626262626	C	0.719626168224299	C	0.730769230769231	C
rs11258747	0.242424242424242	T	0.196261682242991	T	0.197802197802198	T
rs3825932	0.606060606060606	C	0.560747663551402	C	0.725274725274725	C
rs1893217	0.151515151515152	G	0.126168224299065	G	0.197802197802198	G
rs11203203	0.247474747474747	A	0.439252336448598	A	0.395604395604396	A
rs9388489	0.348484848484849	G	0.579439252336449	G	0.456043956043956	G
rs4948088	0.97979797979798	C	0.985981308411215	C	0.967032967032967	C
rs10509540	0.257575757575758	C	0.228971962616822	C	0.263736263736264	C
rs4763879	0.353535353535354	A	0.327102803738318	A	0.357142857142857	A
rs4900384	0.358585858585859	G	0.271028037383178	G	0.252747252747253	G
rs7202877	0.0909090909090909	G	0.0560747663551402	G	0.120879120879121	G
rs2281808	0.712121212121212	C	0.677570093457944	C	0.620879120879121	C
rs5753037	0.297979797979798	T	0.383177570093458	T	0.428571428571429	T
rs2269241	0.333333333333333	C	0.191588785046729	C	0.252747252747253	C
rs1534422	0.601010101010101	A	0.551401869158878	A	0.576923076923077	A
rs9268645	0.282828282828283	G	0.448598130841121	G	0.368131868131868	G
rs1990760	0.590909090909091	T	0.560747663551402	T	0.615384615384615	T
rs4505848	0.419191919191919	G	0.285046728971963	G	0.324175824175824	G
rs2290400	0.55050505050505	C	0.481308411214953	C	0.505494505494505	C
rs7804356	0.161616161616162	C	0.210280373831776	C	0.285714285714286	C
rs16956936	0.0808080808080808	T	0.168224299065421	T	0.126373626373626	T
rs1701704	0.323232323232323	G	0.280373831775701	G	0.340659340659341	G
rs61839660	0.0353535353535354	T	0.0794392523364486	T	0.104395604395604	T
rs1265564	0.368686868686869	C	0.495327102803738	C	0.450549450549451	C
rs947474	0.813131313131313	A	0.799065420560748	A	0.802197802197802	A
rs416603	0.358585858585859	T	0.532710280373832	T	0.423076923076923	T
rs3087243	0.373737373737374	A	0.52803738317757	A	0.417582417582418	A
rs2292239	0.676767676767677	G	0.714953271028037	G	0.642857142857143	G
rs2542151	0.853535353535353	T	0.869158878504673	T	0.807692307692308	T
rs9272346	0.464646464646465	A	0.565420560747664	A	0.593406593406593	A
rs2165738	0.752525252525252	G	0.747663551401869	G	0.736263736263736	G
rs12251307	0.131313131313131	T	0.0747663551401869	T	0.0989010989010989	T
rs17696736	0.363636363636364	G	0.509345794392523	G	0.456043956043956	G
rs6534347	0.575757575757576	G	0.668224299065421	G	0.664835164835165	G
rs11171739	0.570707070707071	T	0.64018691588785	T	0.593406593406593	T
rs12708716	0.287878787878788	G	0.476635514018692	G	0.335164835164835	G
rs11052552	0.48989898989899	G	0.434579439252336	G	0.5	G
rs3764021	0.484848484848485	T	0.542056074766355	T	0.483516483516484	T
rs17166496	0.5	C	0.644859813084112	C	0.538461538461538	C
rs3757247	0.368686868686869	T	0.514018691588785	T	0.538461538461538	T
rs8035957	0.272727272727273	C	0.196261682242991	C	0.214285714285714	C
rs9976767	0.333333333333333	G	0.467289719626168	G	0.5	G
rs1983853	0.116161616161616	T	0.228971962616822	T	0.0714285714285714	T
rs10758593	0.398989898989899	A	0.467289719626168	A	0.456043956043956	A
rs7588550	0.944444444444444	A	0.925233644859813	A	0.972527472527473	A
rs12437854	0.095959595959596	G	0.0654205607476635	G	0.0879120879120879	G
rs6027506	0.358585858585859	G	0.406542056074766	G	0.362637362637363	G
rs7583877	0.777777777777778	T	0.785046728971963	T	0.642857142857143	T
rs11723864	0.121212121212121	G	0.0841121495327103	G	0.0879120879120879	G
rs878889	0.146464646464646	A	0.130841121495327	A	0.175824175824176	A
rs614226	0.186868686868687	T	0.247663551401869	T	0.153846153846154	T
rs13045180	0.232323232323232	T	0.196261682242991	T	0.214285714285714	T
rs11698685	0.318181818181818	A	0.350467289719626	A	0.307692307692308	A
rs4871297	0.53030303030303	A	0.537383177570093	A	0.582417582417582	A
rs17388568	0.383838383838384	A	0.228971962616822	A	0.258241758241758	A
rs12722495	0.0454545454545455	C	0.0934579439252336	C	0.104395604395604	C
rs3788013	0.303030303030303	A	0.434579439252336	A	0.472527472527473	A
rs743777	0.333333333333333	G	0.378504672897196	G	0.291208791208791	G
rs2069762	0.308080808080808	C	0.327102803738318	C	0.313186813186813	C
rs4788084	0.429292929292929	T	0.303738317757009	T	0.351648351648352	T
rs7171171	0.207070707070707	G	0.144859813084112	G	0.164835164835165	G
rs2872507	0.515151515151515	A	0.448598130841121	A	0.478021978021978	A
rs7528684	0.414141414141414	G	0.537383177570093	G	0.494505494505495	G
rs657152	0.515151515151515	C	0.588785046728972	C	0.653846153846154	C
rs11755527	0.358585858585859	G	0.490654205607477	G	0.532967032967033	G
rs559047	0.237373737373737	A	0.182242990654206	A	0.296703296703297	A
rs9260151	0.0909090909090909	T	0.14018691588785	T	0.10989010989011	T
rs61211515	0.252525252525253	TTTTTTTTTTT	0.172897196261682	TTTTTTTTTTT	0.214285714285714	TTTTTTTTTTT
rs3135002	0.792929292929293	C	0.850467289719626	C	0.813186813186813	C
rs9810233	0.333333333333333	G	0.247663551401869	G	0.335164835164835	G
rs836589	0.828282828282828	G	0.808411214953271	G	0.879120879120879	G
rs6931865	0.595959595959596	G	0.621495327102804	G	0.697802197802198	G
rs950146	0.439393939393939	T	0.462616822429907	T	0.554945054945055	T
rs2990510	0.297979797979798	G	0.369158878504673	G	0.302197802197802	G
rs9850225	0.267676767676768	C	0.266355140186916	C	0.236263736263736	C
rs478222	0.570707070707071	T	0.514018691588785	T	0.362637362637363	T
rs539514	0.646464646464647	T	0.462616822429907	T	0.467032967032967	T
rs924043	0.863636363636364	C	0.873831775700935	C	0.82967032967033	C
rs550448	0.883838383838384	A	0.901869158878505	A	0.879120879120879	A
rs12679857	0.358585858585859	G	0.355140186915888	G	0.307692307692308	G
rs6547853	0.358585858585859	A	0.350467289719626	A	0.412087912087912	A
rs4084127	0.308080808080808	A	0.411214953271028	A	0.384615384615385	A
rs10786436	0.297979797979798	T	0.308411214953271	T	0.401098901098901	T
rs10137082	0.176767676767677	T	0.289719626168224	T	0.225274725274725	T
rs2524054	0.797979797979798	C	0.841121495327103	C	0.763736263736264	C
rs1326934	0.686868686868687	T	0.593457943925234	T	0.576923076923077	T
rs2304256	0.262626262626263	A	0.280373831775701	A	0.274725274725275	A
rs941576	0.439393939393939	G	0.397196261682243	G	0.401098901098901	G
rs11725853	0.212121212121212	A	0.196261682242991	C	0.236263736263736	C
rs2410601	0.606060606060606	C	0.602803738317757	C	0.538461538461538	C
rs17206992	0.0252525252525253	G	0.0981308411214953	G	0.0384615384615385	G
rs113517532	0.131313131313131	GATGATG	0.102803738317757	GATGATG	0.10989010989011	GATGATG
rs73018809	0.00505050505050505	T	0.014018691588785	T	0.0384615384615385	T
rs28641753	0.00505050505050505	T	0.0560747663551402	T	0.104395604395604	T
rs78031527	0.257575757575758	T	0.191588785046729	T	0.17032967032967	T
rs143537377	0.151515151515152	C	0.0747663551401869	C	0.0934065934065934	C
rs115829748	0.0353535353535354	T	0.0233644859813084	T	0.032967032967033	T
rs9354144	0.0808080808080808	A	0.135514018691589	A	0.0659340659340659	A
rs571622299	0.0101010101010101	A	0.0327102803738318	A	0.021978021978022	A
rs143723948	0.515151515151515	T	0.5	T	0.494505494505495	T
rs117826205	0.0151515151515152	C	0.014018691588785	C	0.032967032967033	C
rs61879614	0.0404040404040404	C	0.0841121495327103	C	0.00549450549450549	C
rs34319244	0.555555555555556	TTTTTTTTTTTTT	0.467289719626168	TTTTTTTTTTTTT	0.395604395604396	TTTTTTTTTTTTT
rs113114656	0.0252525252525253	T	0.0373831775700935	T	0.0604395604395604	T
rs67213764	0.212121212121212	G	0.317757009345794	G	0.263736263736264	G
rs12482425	0.353535353535354	A	0.308411214953271	A	0.340659340659341	A
rs373009901	0.0404040404040404	C	0.0327102803738318	C	0.0549450549450549	C
rs138760780			0.00934579439252336	T	0.032967032967033	T
rs12344245	0.0606060606060606	G	0.0373831775700935	G	0.043956043956044	G
rs10751776	0.575757575757576	C	0.570093457943925	C	0.489010989010989	C
rs574384	0.888888888888889	A	0.883177570093458	A	0.901098901098901	A
rs12742756	0.434343434343434	G	0.481308411214953	G	0.406593406593407	G
rs855330	0.373737373737374	C	0.238317757009346	C	0.274725274725275	C
rs1493696	0.166666666666667	A	0.126168224299065	A	0.131868131868132	A
rs570794153	0.111111111111111	AAAAAAAAAAAA	0.154205607476636	AAAAAAAAAAAA	0.164835164835165	AAAAAAAAAAAA
rs12128789	0.0909090909090909	C	0.121495327102804	C	0.153846153846154	C
rs1881146	0.287878787878788	T	0.373831775700935	T	0.373626373626374	T
rs12464462	0.444444444444444	G	0.369158878504673	G	0.43956043956044	G
rs13018977	0.207070707070707	A	0.280373831775701	A	0.247252747252747	A
rs12644686	0.171717171717172	G	0.154205607476636	G	0.131868131868132	G
rs114378220	0.106060606060606	T	0.0841121495327103	T	0.0714285714285714	T
rs766751473	0.333333333333333	G	0.364485981308411	G	0.395604395604396	G
rs1050979	0.45959595959596	G	0.47196261682243	G	0.494505494505495	G
rs7805218	0.439393939393939	A	0.317757009345794	A	0.379120879120879	A
rs7795896	0.621212121212121	T	0.714953271028037	T	0.703296703296703	T
rs1947178	0.843434343434343	G	0.705607476635514	G	0.840659340659341	G
rs13259300	0.565656565656566	C	0.742990654205608	C	0.576923076923077	C
rs3802214	0.737373737373737	C	0.855140186915888	C	0.835164835164835	C
rs541856133	0.00505050505050505	T			0.00549450549450549	T
rs537544	0.55050505050505	T	0.635514018691589	T	0.615384615384615	T
rs78325861	0.0252525252525253	G	0.0560747663551402	G	0.0384615384615385	G
rs140215710			0.014018691588785	A	0.00549450549450549	A
rs7936434	0.383838383838384	C	0.490654205607477	C	0.527472527472527	C
rs607703	0.545454545454545	T	0.38785046728972	T	0.510989010989011	T
rs111821448	0.0252525252525253	T	0.0233644859813084	T	0.0274725274725275	T
rs139881548	0.0101010101010101	T	0.00467289719626168	T	0.021978021978022	T
rs34740712	0.101010101010101	C	0.0934579439252336	C	0.10989010989011	C
rs4513644	0.828282828282828	T	0.733644859813084	T	0.824175824175824	T
rs78824139	0.0202020202020202	T	0.014018691588785	T	0.010989010989011	T
rs6461299	0.393939393939394	C	0.401869158878505	C	0.434065934065934	C
rs10255565	0.0808080808080808	C	0.177570093457944	C	0.197802197802198	C
rs35766765	0.0555555555555556	G	0.158878504672897	G	0.0659340659340659	G
rs74629033	0.0656565656565657	A	0.11214953271028	A	0.032967032967033	A
rs10961433	0.166666666666667	A	0.11214953271028	A	0.120879120879121	A
rs4837404	0.656565656565657	A	0.565420560747664	A	0.648351648351648	A
rs1110458	0.833333333333333	T	0.700934579439252	T	0.730769230769231	T
rs2941522	0.419191919191919	T	0.532710280373832	T	0.478021978021978	T
rs10258381	0.0353535353535354	G	0.0420560747663551	G	0.0549450549450549	G
rs7301381	0.5	C	0.397196261682243	C	0.478021978021978	C
rs238265	0.722222222222222	G	0.738317757009346	G	0.703296703296703	G
rs4238595	0.666666666666667	C	0.677570093457944	C	0.703296703296703	C
rs8046043	0.338383838383838	C	0.406542056074766	C	0.412087912087912	C
rs61759532	0.191919191919192	T	0.116822429906542	T	0.236263736263736	T
rs11651753	0.409090909090909	T	0.439252336448598	T	0.467032967032967	T
rs57209021	0.217171717171717	T	0.327102803738318	T	0.263736263736264	T
rs74203920	0.0404040404040404	T	0.00934579439252336	T	0.021978021978022	T
rs114631266			0.014018691588785	T	0.0164835164835165	T
rs2471863	0.45959595959596	T	0.350467289719626	T	0.406593406593407	T
rs34941730	0.0606060606060606	G	0.163551401869159	G	0.0879120879120879	G
rs45626136	0.106060606060606	T	0.0607476635514019	T	0.0659340659340659	T
rs116020851	0.0404040404040404	T	0.0186915887850467	T	0.032967032967033	T
rs1265057	0.409090909090909	C	0.5	C	0.39010989010989	C
rs116763857	0.0151515151515152	G			0.0274725274725275	G
rs9264758	0.818181818181818	G	0.817757009345794	G	0.818681318681319	G
rs9501130	0.257575757575758	T	0.186915887850467	T	0.17032967032967	T
rs3093664	0.0808080808080808	G	0.0794392523364486	G	0.126373626373626	G
rs3134938	0.287878787878788	T	0.163551401869159	T	0.21978021978022	T
rs926592	0.166666666666667	A	0.233644859813084	A	0.197802197802198	A
rs3135365	0.853535353535353	A	0.850467289719626	A	0.796703296703297	A
rs9268576	0.0151515151515152	C	0.11214953271028	C	0.0384615384615385	C
rs7760731	0.161616161616162	A	0.322429906542056	A	0.214285714285714	A
rs9275358	0.277777777777778	G	0.11214953271028	G	0.175824175824176	G
rs35122968	0.0757575757575758	C	0.0654205607476635	C	0.0934065934065934	C
rs3997848	0.232323232323232	G	0.406542056074766	G	0.285714285714286	G
rs241427	0.631313131313131	G	0.691588785046729	G	0.642857142857143	G
rs4148870	0.388888888888889	T	0.518691588785047	T	0.417582417582418	T
rs3128930	0.166666666666667	T	0.242990654205607	T	0.357142857142857	T
rs17407280	0.191919191919192	T	0.172897196261682	T	0.230769230769231	T
rs10919543	0.267676767676768	G	0.509345794392523	G	0.28021978021978	G
rs7524087			0.0280373831775701	G	0.0164835164835165	G
rs77155259	0.0454545454545455	A	0.0514018691588785	A	0.0549450549450549	A
rs4263714	0.94949494949495	A	0.929906542056075	A	0.945054945054945	A
rs4929965	0.616161616161616	G	0.658878504672897	G	0.60989010989011	G
rs72802342	0.0656565656565657	A	0.0467289719626168	A	0.0879120879120879	A
rs4366464	0.939393939393939	C	0.957943925233645	C	0.945054945054945	C
rs78896587	0.0101010101010101	A	0.168224299065421	T	0.0659340659340659	A
rs10974438	0.338383838383838	C	0.406542056074766	C	0.373626373626374	C
rs2269247	0.328282828282828	T	0.135514018691589	T	0.214285714285714	T
rs56337234	0.47979797979798	T	0.485981308411215	T	0.494505494505495	T
rs10213692	0.146464646464646	C	0.299065420560748	C	0.285714285714286	C
rs9405661	0.45959595959596	A	0.448598130841121	A	0.450549450549451	A
rs12665429	0.333333333333333	C	0.35981308411215	C	0.373626373626374	C
rs212408	0.712121212121212	T	0.663551401869159	T	0.571428571428571	T
rs17143056	0.161616161616162	G	0.102803738317757	G	0.159340659340659	G
rs10245867	0.343434343434343	T	0.303738317757009	T	0.335164835164835	T
rs2250903						
rs1405209	0.373737373737374	C	0.341121495327103	C	0.373626373626374	C
rs722988	0.277777777777778	C	0.448598130841121	C	0.368131868131868	C
rs11033048	0.358585858585859	T	0.383177570093458	T	0.368131868131868	T
rs79538630	0.0202020202020202	T	0.0514018691588785	T	0.043956043956044	T
rs968567	0.146464646464646	T	0.121495327102804	T	0.175824175824176	T
rs645078	0.429292929292929	C	0.317757009345794	C	0.401098901098901	C
rs605093	0.545454545454545	T	0.38785046728972	T	0.510989010989011	T
rs1805731	0.338383838383838	C	0.401869158878505	C	0.417582417582418	C
rs7313065	0.232323232323232	A	0.168224299065421	A	0.137362637362637	A
rs74537115	0.176767676767677	T	0.0841121495327103	T	0.148351648351648	T
rs911263	0.641414141414141	T	0.579439252336449	T	0.708791208791209	T
rs2597169	0.353535353535354	G	0.38785046728972	G	0.32967032967033	G
rs56178904	0.151515151515152	T	0.163551401869159	T	0.186813186813187	T
rs34090353	0.373737373737374	C	0.350467289719626	C	0.362637362637363	C
rs2641348	0.146464646464646	G	0.102803738317757	G	0.126373626373626	G
rs2229238	0.656565656565657	C	0.836448598130841	C	0.824175824175824	C
rs78037977	0.151515151515152	G	0.107476635514019	G	0.120879120879121	G
rs2816313	0.767676767676768	A	0.738317757009346	A	0.763736263736264	A
rs11120029	0.0909090909090909	T	0.158878504672897	T	0.120879120879121	T
rs10169963	0.53030303030303	T	0.485981308411215	T	0.516483516483517	T
rs12712067	0.303030303030303	T	0.429906542056075	T	0.379120879120879	T
rs7582694	0.808080808080808	G	0.766355140186916	G	0.752747252747253	G
rs10933559	0.196969696969697	G	0.242990654205607	G	0.21978021978022	G
rs113881148	0.691919191919192	A	0.61214953271028	A	0.593406593406593	A
rs337637	0.323232323232323	A	0.224299065420561	A	0.384615384615385	A
rs1876142	0.5	T	0.644859813084112	T	0.697802197802198	T
rs7937915	0.277777777777778	G	0.257009345794392	G	0.291208791208791	G
rs4244808	0.5	G	0.44392523364486	G	0.406593406593407	G
rs7202844	0.0909090909090909	G	0.0560747663551402	G	0.120879120879121	G
rs741172	0.262626262626263	T	0.434579439252336	T	0.318681318681319	T
rs2542148	0.853535353535353	G	0.869158878504673	G	0.807692307692308	G
rs984971	0.388888888888889	G	0.369158878504673	G	0.32967032967033	G
rs9981624	0.217171717171717	C	0.345794392523364	C	0.373626373626374	C
rs12416116	0.257575757575758	A	0.238317757009346	A	0.32967032967033	A
rs34593439	0.126262626262626	A	0.116822429906542	A	0.104395604395604	A
rs72928038	0.146464646464646	A	0.168224299065421	A	0.214285714285714	A
rs4336042	0.702020202020202	A	0.630841121495327	A	0.576923076923077	A
rs151234	0.111111111111111	C	0.163551401869159	C	0.142857142857143	C
rs3118470	0.434343434343434	C	0.228971962616822	C	0.379120879120879	C
rs3024493	0.161616161616162	A	0.186915887850467	A	0.131868131868132	A
rs74956615	0.0202020202020202	A	0.0233644859813084	A	0.032967032967033	A
rs1893592	0.338383838383838	C	0.196261682242991	C	0.307692307692308	C
rs2045258	0.348484848484849	G	0.579439252336449	G	0.456043956043956	G
rs72776098	0.0101010101010101	A	0.00467289719626168	A	0.0274725274725275	A
rs7780389	0.97979797979798	C	0.985981308411215	C	0.967032967032967	C
rs1217403	0.166666666666667	C	0.210280373831776	C	0.274725274725275	C
rs926169	0.46969696969697	T	0.308411214953271	T	0.417582417582418	T
rs9273363	0.242424242424242	A	0.219626168224299	A	0.307692307692308	A
rs1578060	0.348484848484849	C	0.579439252336449	C	0.456043956043956	C
rs10788599	0.575757575757576	A	0.616822429906542	A	0.582417582417582	A
rs56380902	0.55050505050505	C	0.481308411214953	C	0.505494505494505	C
rs55846421	0.267676767676768	C	0.228971962616822	C	0.175824175824176	C
rs138748427	0.353535353535354	A	0.327102803738318	A	0.461538461538462	A
rs3757787						
rs2237897	0.0808080808080808	T	0.0186915887850467	T	0.032967032967033	T
rs13147255	0.353535353535354	A	0.294392523364486	A	0.318681318681319	A
rs857786	0.47979797979798	T	0.504672897196262	T	0.543956043956044	T
rs7567242	0.176767676767677	A	0.144859813084112	A	0.0769230769230769	A
rs9273367	0.242424242424242	T	0.224299065420561	T	0.302197802197802	T
rs17711850	0.277777777777778	C	0.35981308411215	C	0.445054945054945	C
rs10811662	0.146464646464646	A	0.186915887850467	A	0.126373626373626	A
rs7903146	0.227272727272727	T	0.373831775700935	T	0.258241758241758	T
rs706779	0.404040404040404	C	0.537383177570093	C	0.456043956043956	C
rs3842753	0.762626262626263	G	0.710280373831776	G	0.681318681318681	G
rs10876866	0.323232323232323	A	0.280373831775701	A	0.346153846153846	A
rs7167984	0.166666666666667	A	0.088785046728972	A	0.153846153846154	A
rs113935429	0.378787878787879	TTTTTT	0.429906542056075	TTTTTT	0.362637362637363	TTTTTT
rs2847278	0.853535353535353	T	0.869158878504673	T	0.807692307692308	T
rs1396962964						
rs34676049	0.0454545454545455	G	0.0514018691588785	G	0.0989010989010989	G
rs13198809	0.0454545454545455	A	0.0514018691588785	A	0.0989010989010989	A
rs140423469			0.00934579439252336	T	0.010989010989011	T
rs3117342	0.0505050505050505	C	0.0560747663551402	C	0.0989010989010989	C
rs35243068	0.0505050505050505	A	0.0514018691588785	A	0.0989010989010989	A
rs1259270189						
rs1233488	0.0555555555555556	A	0.0514018691588785	A	0.0934065934065934	A
rs3094067	0.0656565656565657	G	0.0560747663551402	G	0.0879120879120879	G
rs3131071	0.0505050505050505	G	0.0467289719626168	G	0.0824175824175824	G
rs9257809	0.0555555555555556	G	0.0560747663551402	G	0.0989010989010989	G
rs3132645	0.0656565656565657	C	0.0607476635514019	C	0.0934065934065934	C
rs72739842	0.0202020202020202	T	0.00467289719626168	T	0.010989010989011	T
rs1970	0.0656565656565657	T	0.0560747663551402	T	0.0934065934065934	T
rs3130658	0.0656565656565657	T	0.0654205607476635	T	0.0934065934065934	T
rs3132610	0.0656565656565657	G	0.0607476635514019	G	0.104395604395604	G
rs185135749	0.0353535353535354	T			0.0274725274725275	T
rs117426660	0.0151515151515152	G	0.00934579439252336	G	0.0164835164835165	G
rs2517578	0.0656565656565657	C	0.0514018691588785	C	0.0989010989010989	C
rs1632863	0.0555555555555556	G	0.0514018691588785	G	0.0989010989010989	G
rs1793894	0.0656565656565657	A	0.0794392523364486	A	0.120879120879121	A
rs3130985	0.0656565656565657	T	0.0747663551401869	T	0.0989010989010989	T
rs143757929			0.00467289719626168	C		
rs1451199489						
rs17214290	0.0353535353535354	G	0.0373831775700935	G	0.0769230769230769	G
rs116647495	0.0353535353535354	C	0.00467289719626168	C	0.021978021978022	C
rs13211947	0.0454545454545455	T	0.0233644859813084	T	0.104395604395604	T
rs1425018091						
rs68006638	0.0454545454545455	A	0.0186915887850467	A	0.104395604395604	A
rs34888489	0.0454545454545455	A	0.0327102803738318	A	0.104395604395604	A
rs55706012	0.0454545454545455	C	0.0327102803738318	C	0.10989010989011	C
rs75205348	0.00505050505050505	A	0.014018691588785	A	0.032967032967033	A
rs35789010	0.0303030303030303	A	0.014018691588785	A	0.0879120879120879	A
rs35927079	0.191919191919192	AAAAAAAAAAAAAAAAA	0.191588785046729	AAAAAAAAAAAAAAAAA	0.175824175824176	AAAAAAAAAAAAAAAAA
rs75782365	0.0454545454545455	G	0.0420560747663551	G	0.0989010989010989	G
rs13195728	0.0454545454545455	C	0.0467289719626168	C	0.104395604395604	C
rs71206067	0.0454545454545455	T	0.0420560747663551	T	0.104395604395604	T
rs13198716	0.0454545454545455	T	0.0420560747663551	T	0.104395604395604	T
rs55834529	0.0353535353535354	G	0.0467289719626168	G	0.104395604395604	G
rs888169813						
rs34196306	0.0404040404040404	C	0.0467289719626168	C	0.0934065934065934	C
rs72839445	0.0404040404040404	A	0.0467289719626168	A	0.104395604395604	A
rs34788973	0.0505050505050505	A	0.0514018691588785	A	0.104395604395604	A
rs35952432	0.0505050505050505	T	0.0514018691588785	T	0.0989010989010989	T
rs13205211	0.0505050505050505	G	0.0514018691588785	G	0.0989010989010989	G
rs3115631	0.0656565656565657	A	0.0560747663551402	A	0.0879120879120879	A
rs9258375	0.0555555555555556	G	0.0514018691588785	G	0.0824175824175824	G
rs3131856	0.0606060606060606	C	0.0514018691588785	C	0.0879120879120879	C
rs386630424						
rs62489382	0.176767676767677	T	0.177570093457944	T	0.17032967032967	T
rs34349547	0.373737373737374	C	0.182242990654206	C	0.32967032967033	C
rs62251992	0.191919191919192	G	0.088785046728972	G	0.214285714285714	G
rs520449	0.585858585858586	T	0.911214953271028	T	0.516483516483517	T
rs6723108	0.601010101010101	T	0.939252336448598	T	0.494505494505495	T
rs6430545	0.47979797979798	A	0.822429906542056	A	0.434065934065934	A
rs144512578	0.0101010101010101	G			0.021978021978022	G
rs13207365	0.267676767676768	C	0.116822429906542	C	0.236263736263736	C
rs74956101	0.0202020202020202	C			0.021978021978022	C
rs148758429	0.0303030303030303	A			0.0274725274725275	A
rs4713614	0.46969696969697	A	0.607476635514019	A	0.494505494505495	A
rs116418977	0.0252525252525253	T	0.014018691588785	T	0.0659340659340659	T
rs28746946	0.176767676767677	A	0.313084112149533	A	0.21978021978022	A
rs6930376	0.434343434343434	T	0.369158878504673	T	0.428571428571429	T
rs62168795	0.409090909090909	C	0.906542056074766	C	0.28021978021978	C
rs6730157	0.409090909090909	G	0.911214953271028	G	0.324175824175824	G
rs1219701875						
rs4954387	0.368686868686869	G	0.785046728971963	G	0.269230769230769	G
rs935613	0.363636363636364	T	0.714953271028037	T	0.263736263736264	T
rs430133	0.207070707070707	G	0.406542056074766	G	0.384615384615385	G
rs9260324	0.191919191919192	A	0.38785046728972	A	0.346153846153846	A
rs7128060	0.555555555555556	T	0.58411214953271	T	0.747252747252747	T
rs36146296						
rs1962386	0.545454545454545	T	0.453271028037383	T	0.648351648351648	T
rs11157552	0.712121212121212	C	0.733644859813084	C	0.752747252747253	C
rs4688508	0.323232323232323	C	0.41588785046729	C	0.384615384615385	C
rs11959635	0.146464646464646	A	0.154205607476636	A	0.126373626373626	A
rs17178006	0.0909090909090909	G	0.0280373831775701	G	0.0879120879120879	G
rs842353	0.47979797979798	A	0.752336448598131	A	0.423076923076923	A
rs224009	0.671717171717172	C	0.780373831775701	C	0.659340659340659	C
rs10171677	0.424242424242424	G	0.116822429906542	G	0.527472527472527	G
rs60701868	0.191919191919192	G	0.0981308411214953	G	0.225274725274725	G
rs1480207964						
rs77768351	0.176767676767677	A	0.177570093457944	A	0.17032967032967	A
rs62461371	0.353535353535354	C	0.186915887850467	C	0.197802197802198	C
rs2255593	0.116161616161616	G	0.0934579439252336	G	0.164835164835165	G
rs1979033	0.53030303030303	A	0.91588785046729	A	0.489010989010989	A
rs71557351	0.131313131313131	C	0.191588785046729	C	0.21978021978022	C
rs1586135813						
rs77081773	0.171717171717172	C	0.0700934579439252	C	0.131868131868132	C
rs34800387	0.121212121212121	A	0.0841121495327103	A	0.241758241758242	A
rs34459306	0.131313131313131	G	0.0654205607476635	G	0.142857142857143	G
rs28815269	0.585858585858586	A	0.182242990654206	A	0.60989010989011	A
rs2855448	0.47979797979798	T	0.705607476635514	T	0.659340659340659	T
rs1569836568						
rs2250519	0.919191919191919	T	0.957943925233645	T	0.868131868131868	T
rs62392365	0.0252525252525253	T	0.00934579439252336	T	0.0604395604395604	T
rs72887765	0.0656565656565657	A	0.0373831775700935	A	0.0384615384615385	A
rs113196564	0.0505050505050505	G	0.0467289719626168	G	0.043956043956044	G
rs1270942	0.0656565656565657	G	0.0654205607476635	G	0.0934065934065934	G
rs1150757	0.0707070707070707	A	0.0654205607476635	A	0.0934065934065934	A
rs869165433						
rs531381284						
rs543301155						
rs150420498	0.0252525252525253	A	0.00467289719626168	A	0.0164835164835165	A
rs115337486	0.0404040404040404	T	0.00467289719626168	T	0.021978021978022	T
rs563597519					0.00549450549450549	T
rs575681391						
rs3806155	0.0454545454545455	T			0.0164835164835165	T
rs35477995	0.0404040404040404	G	0.186915887850467	G	0.0494505494505494	G
rs12465802	0.409090909090909	A	0.911214953271028	A	0.313186813186813	A
CR024379						
rs7570971	0.409090909090909	A	0.91588785046729	A	0.324175824175824	A
rs1375131	0.409090909090909	C	0.911214953271028	C	0.324175824175824	C
rs6735329	0.373737373737374	C	0.850467289719626	C	0.285714285714286	C
rs6709525	0.404040404040404	G	0.91588785046729	G	0.307692307692308	G
rs2016636	0.363636363636364	A	0.714953271028037	A	0.252747252747253	A
rs10829984	0.151515151515152	G	0.191588785046729	G	0.126373626373626	G
rs6739713	0.323232323232323	G	0.668224299065421	G	0.225274725274725	G
rs13404551	0.348484848484849	C	0.771028037383178	C	0.263736263736264	C
rs62425513	0.181818181818182	T	0.168224299065421	T	0.17032967032967	T
rs28720060	0.111111111111111	C	0.200934579439252	C	0.203296703296703	C
rs10928520	0.419191919191919	C	0.724299065420561	C	0.423076923076923	C
rs312024	0.252525252525253	A	0.350467289719626	A	0.318681318681319	A
rs4638289	0.722222222222222	T	0.602803738317757	T	0.763736263736264	T
rs6544495	0.717171717171717	G	0.55607476635514	G	0.730769230769231	G
rs4389079	0.626262626262626	G	0.621495327102804	G	0.626373626373626	G
rs998500	0.818181818181818	C	0.551401869158878	C	0.697802197802198	C
rs9870517	0.323232323232323	C	0.41588785046729	C	0.384615384615385	C
rs4704666	0.590909090909091	A	0.626168224299065	A	0.554945054945055	A
rs7351085	0.287878787878788	C	0.341121495327103	C	0.379120879120879	C
rs11130569	0.545454545454545	G	0.574766355140187	G	0.576923076923077	G
rs71559067	0.0505050505050505	T	0.0514018691588785	T	0.104395604395604	T
rs35044849	0.0454545454545455	G	0.0514018691588785	G	0.0989010989010989	G
rs13217984	0.0505050505050505	T	0.0514018691588785	T	0.0989010989010989	T
rs3130831	0.0505050505050505	A	0.0514018691588785	A	0.0934065934065934	A
rs188453055						
rs866264659						
rs413670	0.0555555555555556	A	0.0514018691588785	A	0.0934065934065934	A
rs8321	0.0656565656565657	C	0.0560747663551402	C	0.0879120879120879	C
rs3131337	0.0505050505050505	C	0.0654205607476635	C	0.10989010989011	C
rs2517609	0.0656565656565657	G	0.0560747663551402	G	0.0879120879120879	G
rs1222508183						
rs9262143	0.0656565656565657	T	0.0607476635514019	T	0.0934065934065934	T
rs3819720	0.343434343434343	A	0.369158878504673	A	0.32967032967033	A
rs3094053	0.0656565656565657	G	0.088785046728972	G	0.104395604395604	G
rs1405122185						
rs2523466	0.232323232323232	T	0.154205607476636	T	0.126373626373626	T
rs2516491	0.363636363636364	C	0.224299065420561	C	0.17032967032967	C
rs3094669	0.101010101010101	G	0.0700934579439252	G	0.104395604395604	G
rs567939777					0.00549450549450549	T
rs11229	0.151515151515152	G	0.168224299065421	G	0.153846153846154	G
rs185443605					0.00549450549450549	T
rs1462821813						
rs1170010108						
rs13201341	0.0454545454545455	T	0.0233644859813084	T	0.104395604395604	T
rs3884025	0.0454545454545455	A	0.0327102803738318	A	0.104395604395604	A
rs6904596	0.0404040404040404	A	0.0607476635514019	A	0.10989010989011	A
rs34961555	0.0404040404040404	T	0.0327102803738318	T	0.10989010989011	T
rs118037200	0.00505050505050505	A	0.00467289719626168	A	0.010989010989011	A
rs35768595	0.0404040404040404	T	0.0467289719626168	T	0.104395604395604	T
rs35715914	0.0404040404040404	T	0.0467289719626168	T	0.104395604395604	T
rs144833113			0.00467289719626168	T	0.010989010989011	T
rs13220522	0.0454545454545455	A	0.0327102803738318	A	0.104395604395604	A
rs13191786	0.0505050505050505	G	0.0514018691588785	G	0.0989010989010989	G
rs13195401	0.0454545454545455	T	0.0420560747663551	T	0.10989010989011	T
rs13202295	0.0454545454545455	T	0.0467289719626168	T	0.104395604395604	T
rs398110012						
rs553806124						
rs114721354	0.00505050505050505	T	0.00467289719626168	T		
rs550543239			0.00467289719626168	C		
rs144520550	0.0404040404040404	T	0.00467289719626168	T	0.00549450549450549	T
rs188998530					0.00549450549450549	T
rs562286756						
rs1816797						
rs534191848						
rs61343935	0.0909090909090909	TTTTTTTT	0.014018691588785	TTTTTTTTTT	0.010989010989011	TTTTTTTTTT
rs544143586					0.010989010989011	A
rs188683350						
rs752049703						
rs45518931					0.00549450549450549	T
rs555206121						
rs191521884						
rs189285397					0.00549450549450549	G
rs146172950						
rs182087948			0.00467289719626168	T		
rs559043037						
rs541715332						
rs71549272	0.782828282828283	G	0.817757009345794	G	0.791208791208791	G
rs56098412	0.0505050505050505	G	0.0560747663551402	G	0.10989010989011	G
rs146427450	0.0101010101010101	T			0.0164835164835165	T
rs3130614	0.0707070707070707	A	0.0654205607476635	A	0.0879120879120879	A
rs187229894			0.014018691588785	G	0.00549450549450549	G
rs148505224	0.00505050505050505	A	0.00467289719626168	A	0.010989010989011	A
rs3132450	0.0707070707070707	G	0.0654205607476635	G	0.0879120879120879	G
rs376621269						
rs1150752	0.0707070707070707	C	0.0654205607476635	C	0.0879120879120879	C
rs558702	0.0707070707070707	A	0.0654205607476635	A	0.0879120879120879	A
rs1257631742						
rs1265757	0.0656565656565657	T	0.0654205607476635	T	0.0989010989010989	T
rs3130297	0.0707070707070707	T	0.0654205607476635	T	0.0989010989010989	T
rs9269032	0.0606060606060606	A	0.0607476635514019	A	0.104395604395604	A
rs553696081			0.00467289719626168	T	0.00549450549450549	T
rs188260549	0.0101010101010101	T				
rs1568959252						
rs1794282	0.0555555555555556	T	0.0700934579439252	T	0.10989010989011	T
rs896487664						
rs186775995	0.0303030303030303	G			0.010989010989011	G
rs79236527	0.0101010101010101	G			0.00549450549450549	G
rs190446914	0.00505050505050505	G				
