SNPS	REGION	CHR_POS	CHR_ID	P-VALUE	MAPPED_GENE	-logp
rs61211515	6p22.1	30133199	6	1e-07	TRIM31-AS1 - TRIM40	16.118095650958317
rs3135002	6p21.32	32700662	6	3e-08	HLA-DQB1 - MTCO3P1	17.322068455284256
rs9260151	6p22.1	29943253	6	8e-08	HLA-A, HLA-A, HLA-A, HLA-A	16.34123920227253
rs61211515	6p22.1	30133199	6	2e-06	TRIM31-AS1 - TRIM40	13.122363377404328
rs3135002	6p21.32	32700662	6	7e-08	HLA-DQB1 - MTCO3P1	16.474770594897052
rs6931865	6q24.2	143758717	6	4e-06	PHACTR2	12.429216196844383
rs924043	6q27	170063801	6	8e-09		18.643824295266576
rs2524054	6p21.33	31284619	6	2e-28	RPL3P2 - WASF5P	63.779235423273335
rs2524054	6p21.33	31284619	6	6.0000000000000006e-21	RPL3P2 - WASF5P	46.5625274836469
rs2523989	6p22.1	30110498	6	2e-08	TRIM31, TRIM31, TRIM31, TRIM31, TRIM31, TRIM31, TRIM31, TRIM31-AS1, TRIM31-AS1, TRIM31-AS1, TRIM31-AS1, TRIM31-AS1, TRIM31-AS1, TRIM31-AS1	17.72753356339242
rs886424	6p21.33	30814225	6	3e-14	LINC00243	31.13757901324853
rs2251396	6p21.33	31396930	6	1e-22	HLA-S - MICA	50.65687204586901
rs2857595	6p21.33	31600692	6	2e-23	NCR3 - UQCRHP1	52.266309958303104
rs1270942	6p21.33	31951083	6	5e-25	CFB, CFB, CFB, CFB, CFB, CFB	55.95518941241704
rs1980493	6p21.32	32395438	6	2e-20	TSBP1-AS1, BTNL2, BTNL2, BTNL2, BTNL2	45.35855467932097
rs1015166	6p21.32	32830954	6	4e-22	TAP2, TAP2, TAP2, TAP2, TAP2, TAP2, TAP2, TAP2	49.270577684749114
rs11755527	6q15	90248512	6	5e-12	BACH2	26.021583203494448
rs9272346	6p21.32	32636595	6	6.000000000000001e-129	HLA-DQA1, HLA-DQA1, HLA-DQA1, HLA-DQA1, HLA-DQA1	295.2417175270038
rs2647044	6p21.32	32700133	6	1e-16	HLA-DQB1 - MTCO3P1	36.841361487904734
rs3757247	6q15	90247744	6	1e-06	BACH2	13.815510557964274
rs9388489	6q22.32	126377573	6	4e-13	CENPW - NA	28.547311847802703
rs9268645	6p21.32	32440750	6	1e-100	HLA-DRA, HLA-DRA, HLA-DRA, HLA-DRA, HLA-DRA	230.25850929940458
rs11755527	6q15	90248512	6	5e-08	BACH2	16.811242831518264
rs11755527	6q15	90248512	6	3e-08	BACH2	17.322068455284256
rs11755527	6q15	90248512	6	1e-06	BACH2	13.815510557964274
rs73043122	6q27	166969779	6	4e-06	RNASET2 - MIR3939	12.429216196844383
rs138181578	6p21.1	45758094	6	7e-07	RUNX2 - NA	14.172185501903007
rs9354144	6q16.1	94847753	6	6e-06		12.02375108873622
rs72928038	6q15	90267049	6	6e-14	BACH2	30.444431832688583
rs1538171	6q22.32	126431738	6	7e-10	CENPW - MIR588	21.079940780885146
rs114631266	6p22.1	29058810	6	2e-06	OR2W1 - OR2P1P	13.122363377404328
rs2471863	6p22.1	29931850	6	8e-07	HLA-K - HLA-U	14.038654109278484
rs34941730	6p22.1	29946109	6	2e-09	HLA-A - HLA-W	20.030118656386463
rs45626136	6p22.1	30345252	6	1e-06	RPP21, RPP21, RPP21, RPP21, RPP21, RPP21, TRIM39-RPP21	13.815510557964274
rs116020851	6p21.33	30954755	6	3e-07	HCG21, HCG21, HCG21, HCG21, HCG21, SFTA2, SFTA2, SFTA2, SFTA2, SFTA2, SFTA2	15.01948336229021
rs1265057	6p21.33	31110838	6	2e-06	RNU6-1133P - C6orf15	13.122363377404328
rs116763857	6p21.33	31173705	6	1e-14	POU5F1, POU5F1, POU5F1, POU5F1, POU5F1, POU5F1, POU5F1	32.23619130191664
rs9264758	6p21.33	31280657	6	3e-07	RPL3P2, RPL3P2, RPL3P2, RPL3P2, RPL3P2, RPL3P2	15.01948336229021
rs9501130	6p21.33	31449679	6	2e-11	LINC01149 - HCP5	24.635288842374557
rs3093664	6p21.33	31576865	6	3e-07	TNF, TNF, TNF, TNF, TNF, TNF, TNF	15.01948336229021
rs3134938	6p21.32	32238711	6	8e-07	NOTCH4 - TSBP1-AS1	14.038654109278484
rs926592	6p21.32	32337881	6	6e-06	TSBP1-AS1, TSBP1, TSBP1, TSBP1, TSBP1	12.02375108873622
rs3135365	6p21.32	32421478	6	9e-06	TSBP1-AS1 - HLA-DRA	11.618285980628055
rs9268576	6p21.32	32427864	6	2e-08	TSBP1-AS1 - HLA-DRA	17.72753356339242
rs7760731	6p21.32	32615624	6	6e-11	HLA-DRB1 - HLA-DQA1	23.53667655370645
rs9275358	6p21.32	32700118	6	3e-07	HLA-DQB1 - MTCO3P1	15.01948336229021
rs35122968	6p21.32	32714422	6	4e-11	MTCO3P1 - HLA-DQB3	23.942141661814613
rs3997848	6p21.32	32714617	6	2e-14	MTCO3P1 - HLA-DQB3	31.543044121356694
rs241427	6p21.32	32836637	6	4e-06	TAP2, TAP2, TAP2, TAP2, TAP2, TAP2, TAP2, TAP2	12.429216196844383
rs4148870	6p21.32	32838614	6	2e-06	TAP2, TAP2, TAP2, TAP2, TAP2, TAP2, TAP2, TAP2	13.122363377404328
rs3128930	6p21.32	33107889	6	7e-06	COL11A2P1 - HLA-DPB2	11.86960040890896
rs78824139	6q12	64748694	6	9e-06	EYS	11.618285980628055
rs1050979	6p25.3	410417	6	6e-14	IRF4	30.444431832688583
rs9405661	6p25.3	424915	6	2e-09	IRF4 - EXOC2	20.030118656386463
rs12665429	6q23.3	137682468	6	1e-13	NA - LINC02539	29.933606208922594
rs212408	6q25.3	159049210	6	1e-15	TAGAP-AS1	34.538776394910684
rs9405661	6p25.3	424915	6	2e-09	IRF4 - EXOC2	20.030118656386463
rs12665429	6q23.3	137682468	6	1e-13	NA - LINC02539	29.933606208922594
rs212408	6q25.3	159049210	6	1e-15	TAGAP-AS1	34.538776394910684
