rsid	region	chr_pos	chr_id	p_value	mapped_gene	-logp	cumulative_pos
rs28600853	1p36.32	2863195.0	1	6e-06	TTC34 - NA	12.02375108873622	2863195.0
rs17407280	1p36.12	20693912.0	1	7e-06	KIF17	11.86960040890896	20693912.0
rs10751776	1p36.11	24970252.0	1	3e-08	RUNX3 - MIR4425	17.322068455284256	24970252.0
rs574384	1p34.3	35622060.0	1	2e-08	PSMB2	17.72753356339242	35622060.0
rs386630424		37781423.0	1	6e-16		35.04960201867667	37781423.0
rs1569836568		37812907.0	1	6e-14		30.444431832688586	37812907.0
rs12742756	1p34.3	37881745.0	1	4e-08	INPP5B	17.034386382832476	37881745.0
rs34349547		37891198.0	1	1e-19		43.74911676688687	37891198.0
rs79236527		63633409.0	1	2e-08		17.72753356339242	63633409.0
rs2269247	1p31.3	63641613.0	1	2e-06	PGM1	13.122363377404328	63641613.0
rs2269247	1p31.3	63641613.0	1	1e-10	PGM1	23.025850929940457	63641613.0
rs2269241	1p31.3	63643100.0	1	4e-07	PGM1	14.73180128983843	63643100.0
rs855330	1p31.3	63648218.0	1	5e-11	PGM1	23.7189981105004	63648218.0
rs559043037		78372988.0	1	3e-08		17.322068455284256	78372988.0
rs1983853	1p22.3	84845509.0	1	2e-06	LPAR3	13.122363377404328	84845509.0
rs34090353	1p22.1	92358141.0	1	1e-08	RPAP2	18.420680743952367	92358141.0
rs34090353	1p22.1	92358141.0	1	1e-08	RPAP2	18.420680743952367	92358141.0
rs61343935		102495801.0	1	3e-08		17.322068455284256	102495801.0
rs2153977	1p13.2	113537449.0	1	4e-07	MAGI3	14.73180128983843	113537449.0
rs6679677	1p13.2	113761186.0	1	2e-06	PHTF1 - RSBN1	13.122363377404328	113761186.0
rs6679677	1p13.2	113761186.0	1	4.9999999999999996e-26	PHTF1 - RSBN1	58.257774505411085	113761186.0
rs6679677	1p13.2	113761186.0	1	8.000000000000001e-24	PHTF1 - RSBN1	53.18260069017726	113761186.0
rs6679677	1p13.2	113761186.0	1	2e-06	PHTF1 - RSBN1	13.122363377404328	113761186.0
rs6679677	1p13.2	113761186.0	1	1e-40	PHTF1 - RSBN1	92.10340371976183	113761186.0
rs2476601	1p13.2	113834946.0	1	2e-80	PTPN22	183.5136602589637	113834946.0
rs2476601	1p13.2	113834946.0	1	7e-20	PTPN22	44.1057917108256	113834946.0
rs2476601	1p13.2	113834946.0	1	1e-100	PTPN22	230.25850929940458	113834946.0
rs2476601	1p13.2	113834946.0	1	9.999999999999999e-92	PTPN22	209.53524346245817	113834946.0
rs2476601	1p13.2	113834946.0	1	9e-85	PTPN22	193.52250832715765	113834946.0
rs2476601	1p13.2	113834946.0	1	1e-07	PTPN22	16.11809565095832	113834946.0
rs2476601	1p13.2	113834946.0	1	9.999999999999999e-51	PTPN22	115.12925464970229	113834946.0
rs2476601	1p13.2	113834946.0	1	2e-111	PTPN22	254.89379814177911	113834946.0
rs1217403	1p13.2	113846182.0	1	4e-08	PTPN22	17.034386382832476	113846182.0
rs2358994	1p13.2	113886839.0	1	2e-11	AP4B1-AS1, BCL2L15	24.635288842374557	113886839.0
rs2641348	1p12	119895261.0	1	2e-08	ADAM30	17.72753356339242	119895261.0
rs2641348	1p12	119895261.0	1	2e-08	ADAM30	17.72753356339242	119895261.0
rs1493696	1p12	119962909.0	1	8e-09	NOTCH2	18.643824295266576	119962909.0
rs998500		151853237.0	1	3e-08		17.322068455284256	151853237.0
rs998500		151853237.0	1	4e-19		42.36282240576698	151853237.0
rs2229238	1q21.3	154465420.0	1	1e-12	IL6R	27.631021115928547	154465420.0
rs2229238	1q21.3	154465420.0	1	1e-12	IL6R	27.631021115928547	154465420.0
rs7528684	1q23.1	157701026.0	1	8e-09	FCRL3 - VDAC1P9	18.643824295266576	157701026.0
rs857786	1q23.1	158815304.0	1	6e-09	OR10AA1P - MNDA	18.931506367718356	158815304.0
rs10919543	1q23.3	161538827.0	1	6e-06	RPS23P10 - FCGR3A	12.02375108873622	161538827.0
rs78037977	1q24.3	172746562.0	1	2e-09	FASLG - SLC25A38P1	20.030118656386467	172746562.0
rs78037977	1q24.3	172746562.0	1	2e-09	FASLG - SLC25A38P1	20.030118656386467	172746562.0
rs114721354		182869236.0	1	4e-08		17.034386382832476	182869236.0
rs2816313	1q31.2	192570207.0	1	5e-09	NA - RGS1	19.11382792451231	192570207.0
rs2816313	1q31.2	192570207.0	1	5e-09	NA - RGS1	19.11382792451231	192570207.0
rs2990510	1q31.3	197051528.0	1	6e-06	F13B	12.02375108873622	197051528.0
rs570794153	1q31.3	198629260.0	1	4e-11	ATP6V1G3 - PTPRC	23.942141661814613	198629260.0
rs6691977	1q32.1	200845831.0	1	4e-08	CAMSAP2	17.034386382832476	200845831.0
rs138760780	1q32.1	205515245.0	1	2e-06	CDK18	13.122363377404328	205515245.0
rs138760780	1q32.1	205515245.0	1	9e-06	CDK18	11.618285980628055	205515245.0
rs3024505	1q32.1	206766559.0	1	5e-10	Y_RNA - IL10	21.416413017506358	206766559.0
rs3024505	1q32.1	206766559.0	1	2e-09	Y_RNA - IL10	20.030118656386467	206766559.0
rs3024505	1q32.1	206766559.0	1	6e-08	Y_RNA - IL10	16.62892127472431	206766559.0
rs3024493	1q32.1	206770623.0	1	5e-10	IL10	21.416413017506358	206770623.0
rs7524087	1q32.3	212470318.0	1	8e-06	LINC02771	11.736069016284437	212470318.0
rs12128789	1q32.3	212679490.0	1	4e-09	LINC02773 - BATF3	19.33697147582652	212679490.0
rs11120029	1q32.3	212796238.0	1	2e-08	TATDN3	17.72753356339242	212796238.0
rs11120029	1q32.3	212796238.0	1	2e-08	TATDN3	17.72753356339242	212796238.0
rs191521884		221898846.0	1	3e-08		17.322068455284256	221898846.0
rs559047	1q43	238590616.0	1	4e-06	KRT18P32 - NA	12.429216196844383	238590616.0
rs559047	1q43	238590616.0	1	4e-08	KRT18P32 - NA	17.034386382832476	238590616.0
rs61839660	10p15.1	6052734.0	10	3e-39	IL2RA	88.70220633809967	244643350.0
rs61839660	10p15.1	6052734.0	10	5e-09	IL2RA	19.11382792451231	244643350.0
rs12722495	10p15.1	6055320.0	10	1e-38	IL2RA	87.49823353377374	244645936.0
rs706779	10p15.1	6056861.0	10	3e-08	IL2RA	17.322068455284256	244647477.0
rs3118470	10p15.1	6059750.0	10	1e-10	IL2RA	23.025850929940457	244650366.0
rs10795791	10p15.1	6066377.0	10	6e-11	IL2RA - RPL32P23	23.536676553706446	244656993.0
rs72776098	10p15.1	6074291.0	10	6e-09	RPL32P23 - RBM17	18.931506367718356	244664907.0
rs12251307	10p15.1	6081532.0	10	2e-06	RPL32P23 - RBM17	13.122363377404328	244672148.0
rs12251307	10p15.1	6081532.0	10	1e-13	RPL32P23 - RBM17	29.933606208922594	244672148.0
rs41295121	10p15.1	6087680.0	10	5e-08	RPL32P23 - RBM17	16.811242831518264	244678296.0
rs947474	10p15.1	6348488.0	10	4e-09	LINC02649	19.33697147582652	244939104.0
rs11258747	10p15.1	6430929.0	10	1e-07	PRKCQ	16.11809565095832	245021545.0
rs3802604	10p14	8060309.0	10	2e-08	GATA3	17.72753356339242	246650925.0
rs537544	10p14	8066419.0	10	9e-09	GATA3	18.526041259610192	246657035.0
rs117826205	10p12.31	19168458.0	10	6e-06	MALRD1	12.02375108873622	257759074.0
rs722988	10p11.22	33137219.0	10	3e-15	IATPR - NRP1	33.44016410624258	271727835.0
rs722988	10p11.22	33137219.0	10	3e-15	IATPR - NRP1	33.44016410624258	271727835.0
rs1816797		60664647.0	10	2e-08		17.72753356339242	299255263.0
rs78325861	10q22.1	70618733.0	10	2e-11	PRF1 - ADAMTS14	24.635288842374557	309209349.0
rs10509540	10q23.31	88263276.0	10	9.999999999999999e-29	NA - RNLS	64.47238260383328	326853892.0
rs12416116	10q23.31	88275897.0	10	7e-12	RNLS	25.685110966873236	326866513.0
rs12416116	10q23.31	88275897.0	10	4e-15	RNLS	33.1524820337908	326866513.0
rs10788599	10q23.31	88428167.0	10	1e-06	RNLS	13.815510557964274	327018783.0
rs1326934	10q24.1	95524324.0	10	6e-07	SORBS1	14.326336181730264	334114940.0
rs10786436	10q24.2	98540425.0	10	8e-07	HPSE2	14.038654109278484	337131041.0
rs7903146	10q25.2	112998590.0	10	1e-14	TCF7L2	32.23619130191664	351589206.0
rs544143586		120940685.0	10	2e-08		17.72753356339242	359531301.0
rs113306148	10q26.13	122400322.0	10	3e-06	PLEKHA1	12.716898269296165	360990938.0
rs10829984		131361823.0	10	5e-12		26.021583203494448	369952439.0
rs10829984		131361823.0	10	2e-08		17.72753356339242	369952439.0
rs78896587	11p15.5	2055620.0	11	1e-09	H19 - IGF2	20.72326583694641	372008059.0
rs4244808	11p15.5	2141880.0	11	4e-27	INS-IGF2, IGF2-AS	60.783503149719344	372094319.0
rs4366464	11p15.5	2143569.0	11	1e-09	IGF2-AS, INS-IGF2	20.72326583694641	372096008.0
rs3741208	11p15.5	2148544.0	11	2e-07	INS-IGF2, IGF2-AS	15.424948470398375	372100983.0
rs1004446	11p15.5	2148913.0	11	4e-09	INS-IGF2	19.33697147582652	372101352.0
rs1004446	11p15.5	2148913.0	11	3e-23	INS-IGF2	51.860844850194944	372101352.0
rs3842753	11p15.5	2159830.0	11	8e-44	INS, INS-IGF2	99.23430255005817	372112269.0
rs689	11p15.5	2160994.0	11	1e-160	INS-IGF2, INS	368.4136148790473	372113433.0
rs689	11p15.5	2160994.0	11	5e-196	INS-IGF2, INS	449.69724031439887	372113433.0
rs689	11p15.5	2160994.0	11	1e-100	INS-IGF2, INS	230.25850929940458	372113433.0
rs689	11p15.5	2160994.0	11	1e-06	INS-IGF2, INS	13.815510557964274	372113433.0
rs3842727	11p15.5	2163618.0	11	1e-13	INS - TH	29.933606208922594	372116057.0
rs3842727	11p15.5	2163618.0	11	3e-07	INS - TH	15.01948336229021	372116057.0
rs3842727	11p15.5	2163618.0	11	6e-06	INS - TH	12.02375108873622	372116057.0
rs3842727	11p15.5	2163618.0	11	1e-07	INS - TH	16.11809565095832	372116057.0
rs4929965	11p15.5	2176056.0	11	2e-31	MIR4686 - ASCL2	70.68699070225547	372128495.0
rs72853903	11p15.5	2177435.0	11	6e-10	MIR4686 - ASCL2	21.234091460712403	372129874.0
rs7111341	11p15.5	2191936.0	11	4e-48	MIR4686 - ASCL2	109.13779010259431	372144375.0
rs7937915	11p15.5	2193158.0	11	4e-79	MIR4686 - ASCL2	180.51792798540973	372145597.0
rs10831551	11p15.5	2217058.0	11	5e-06	MIR4686 - ASCL2	12.206072645530174	372169497.0
rs2237897	11p15.4	2837316.0	11	2e-08	KCNQ1, KCNQ1	17.72753356339242	372789755.0
rs140215710	11p15.4	2881830.0	11	4e-08	KCNQ1DN - CDKN1C	17.034386382832476	372834269.0
rs61879614	11p15.4	8058878.0	11	3e-06	TUB	12.716898269296165	378011317.0
rs4638289		18264227.0	11	4e-09		19.33697147582652	388216666.0
rs7128060		18269981.0	11	3e-39		88.70220633809967	388222420.0
rs190446914		33955292.0	11	2e-09		20.030118656386467	403907731.0
rs11033048	11p13	35267496.0	11	2e-10	SLC1A2	22.33270374938051	405219935.0
rs11033048	11p13	35267496.0	11	2e-10	SLC1A2	22.33270374938051	405219935.0
rs79538630	11q12.2	60961822.0	11	1e-09	SLC15A3 - CD6	20.72326583694641	430914261.0
rs79538630	11q12.2	60961822.0	11	1e-09	SLC15A3 - CD6	20.72326583694641	430914261.0
rs968567	11q12.2	61828092.0	11	8e-09	FADS1, FADS2	18.643824295266576	431780531.0
rs968567	11q12.2	61828092.0	11	8e-09	FADS1, FADS2	18.643824295266576	431780531.0
rs645078	11q13.1	64367826.0	11	3e-09	RPS6KA4	19.624653548278303	434320265.0
rs645078	11q13.1	64367826.0	11	3e-09	RPS6KA4	19.624653548278303	434320265.0
rs312024		68326963.0	11	2e-12		26.937873935368604	438279402.0
rs312024		68326963.0	11	1e-09		20.72326583694641	438279402.0
rs4084127	11q13.3	69781755.0	11	3e-06	FGF4 - FGF3	12.716898269296165	439734194.0
rs7936434	11q13.5	76582761.0	11	4e-08	EMSY - LINC02757	17.034386382832476	446535200.0
rs188260549		78403273.0	11	5e-09		19.11382792451231	448355712.0
rs10625784	11q22.3	106323171.0	11	8e-07		14.038654109278484	476275610.0
rs607703	11q24.3	128734279.0	11	1e-10	FLI1	23.025850929940457	498686718.0
rs605093	11q24.3	128734337.0	11	4e-09	FLI1	19.33697147582652	498686776.0
rs605093	11q24.3	128734337.0	11	4e-09	FLI1	19.33697147582652	498686776.0
rs1805731	12p13.31	8942630.0	12	4e-08	M6PR	17.034386382832476	507629406.0
rs1805731	12p13.31	8942630.0	12	4e-08	M6PR	17.034386382832476	507629406.0
rs7301381	12p13.31	8971336.0	12	5e-11	KLRG1	23.7189981105004	507658112.0
rs3764021	12p13.31	9681032.0	12	5e-08	CLEC2D	16.811242831518264	508367808.0
rs11052552	12p13.31	9703362.0	12	7e-07	CLEC2D - LINC02390	14.172185501903007	508390138.0
rs917911	12p13.31	9753255.0	12	2e-07	CD69	15.424948470398375	508440031.0
rs4763879	12p13.31	9757568.0	12	2e-11	CD69	24.635288842374557	508444344.0
rs7313065	12q13.13	53077434.0	12	3e-09	SPRYD3	19.624653548278303	551764210.0
rs7313065	12q13.13	53077434.0	12	3e-09	SPRYD3	19.624653548278303	551764210.0
rs705699	12q13.2	55991020.0	12	7e-20	RAB5B	44.1057917108256	554677796.0
rs1701704	12q13.2	56018703.0	12	5e-18	IKZF4	39.837093761458725	554705479.0
rs1701704	12q13.2	56018703.0	12	9e-10	IKZF4	20.82862635260424	554705479.0
rs705705	12q13.2	56041720.0	12	3.9999999999999997e-32	RPS26	72.29642861468957	554728496.0
rs10876866	12q13.2	56051582.0	12	3e-08	RPS26 - ERBB3	17.322068455284256	554738358.0
rs11171739	12q13.2	56076841.0	12	1e-18	ERBB3	41.44653167389282	554763617.0
rs11171739	12q13.2	56076841.0	12	1e-11	ERBB3	25.328436022934504	554763617.0
rs2292239	12q13.2	56088396.0	12	1.9999999999999998e-25	ERBB3	56.8714801442912	554775172.0
rs2292239	12q13.2	56088396.0	12	3e-27	ERBB3	61.071185222171124	554775172.0
rs2292239	12q13.2	56088396.0	12	2e-20	ERBB3	45.35855467932097	554775172.0
rs2292239	12q13.2	56088396.0	12	3e-16	ERBB3	35.74274919923662	554775172.0
rs17178006		65324519.0	12	3e-08		17.322068455284256	564011295.0
rs17178006		65324519.0	12	1e-06		13.815510557964274	564011295.0
rs2255593		65543332.0	12	1e-09		20.72326583694641	564230108.0
rs2255593		65543332.0	12	7e-09		18.7773556878911	564230108.0
rs2250519		65644210.0	12	7e-10		21.079940780885142	564330986.0
rs2250519		65644210.0	12	1e-14		32.23619130191664	564330986.0
rs1265564	12q24.11	111270654.0	12	1e-16	CUX2	36.841361487904734	609957430.0
rs3184504	12q24.12	111446804.0	12	2e-38	ATXN2, SH2B3	86.8050863532138	610133580.0
rs3184504	12q24.12	111446804.0	12	4e-14	ATXN2, SH2B3	30.84989694079675	610133580.0
rs3184504	12q24.12	111446804.0	12	1e-31	ATXN2, SH2B3	71.38013788281542	610133580.0
rs3184504	12q24.12	111446804.0	12	4e-07	ATXN2, SH2B3	14.73180128983843	610133580.0
rs3184504	12q24.12	111446804.0	12	3e-27	ATXN2, SH2B3	61.071185222171124	610133580.0
rs653178	12q24.12	111569952.0	12	2e-44	ATXN2	100.62059691117807	610256728.0
rs17696736	12q24.13	112049014.0	12	6e-18	NAA25	39.654772204664766	610735790.0
rs17696736	12q24.13	112049014.0	12	2e-16	NAA25	36.14821430734479	610735790.0
rs17696736	12q24.13	112049014.0	12	2e-14	NAA25	31.543044121356694	610735790.0
rs614226	12q24.31	120536707.0	12	2e-06	RNF10	13.122363377404328	619223483.0
rs7300146	12q24.33	128888528.0	12	1e-08	GLT1D1	18.420680743952367	627575304.0
rs74537115	13q14.11	42343795.0	13	5e-09	LINC02341	19.11382792451231	669919099.0
rs74537115	13q14.11	42343795.0	13	5e-09	LINC02341	19.11382792451231	669919099.0
rs238265	13q14.11	42356523.0	13	2e-09	LINC02341	20.030118656386467	669931827.0
rs539514	13q22.2	75752146.0	13	6e-11	LMO7	23.536676553706446	703327450.0
rs9585056	13q32.3	99429512.0	13	3e-08	CCR12P - TM9SF2	17.322068455284256	727004816.0
rs188683350		21746775.0	14	3e-09		19.624653548278303	748751591.0
rs11157552		22383427.0	14	8e-13		27.85416466724276	749388243.0
rs4389079		22390463.0	14	1e-08		18.420680743952367	749395279.0
rs10137082	14q11.2	23370824.0	14	6e-06	EFS - IL25	12.02375108873622	750375640.0
rs55846421	14q21.3	49843683.0	14	2e-09	NEMF	20.030118656386467	776848499.0
rs878889	14q22.3	56754421.0	14	8e-07	NA - OTX2	14.038654109278484	783759237.0
rs911263	14q24.1	68286876.0	14	3e-08	RAD51B	17.322068455284256	795291692.0
rs911263	14q24.1	68286876.0	14	3e-08	RAD51B	17.322068455284256	795291692.0
rs1465788	14q24.1	68796882.0	14	2e-12	ZFP36L1 - MAGOH3P	26.937873935368604	795801698.0
rs148758429		96458513.0	14	1e-08		18.420680743952367	823463329.0
rs148758429		96458513.0	14	9e-07		13.9208710736221	823463329.0
rs1456988	14q32.2	98021670.0	14	3e-08	LINC01550 - NA	17.322068455284256	825026486.0
rs4900384	14q32.2	98032614.0	14	4e-09	LINC01550 - NA	19.33697147582652	825037430.0
rs941576	14q32.2	100839708.0	14	1e-10	MEG3	23.025850929940457	827844524.0
rs56994090	14q32.2	100840110.0	14	1e-11	MEG3	25.328436022934504	827844926.0
rs77081773		27596077.0	15	2e-08		17.72753356339242	855441003.0
rs77081773		27596077.0	15	2e-20		45.35855467932097	855441003.0
rs8035957	15q14	38546063.0	15	4e-06	RASGRP1	12.429216196844383	866390989.0
rs72727394	15q14	38554821.0	15	4e-10	RASGRP1	21.639556568820566	866399747.0
rs7171171	15q14	38614840.0	15	2e-07	RASGRP1 - LINC02694	15.424948470398375	866459766.0
rs182087948		46441258.0	15	4e-09		19.33697147582652	874286184.0
rs79237700	15q21.3	53449415.0	15	2e-06	LINC02490 - WDR72	13.122363377404328	881294341.0
rs188453055		74624584.0	15	3e-09		19.624653548278303	902469510.0
rs188453055		74624584.0	15	2e-06		13.122363377404328	902469510.0
rs34593439	15q25.1	78942615.0	15	1e-11	CTSH	25.328436022934504	906787541.0
rs34593439	15q25.1	78942615.0	15	9e-14	CTSH	30.03896672458042	906787541.0
rs3825932	15q25.1	78943104.0	15	3e-15	CTSH	33.44016410624258	906788030.0
rs3825932	15q25.1	78943104.0	15	8e-08	CTSH	16.34123920227253	906788030.0
rs7167984	15q26.1	93288838.0	15	3e-08	RGMA - SEPHS1P2	17.322068455284256	921133764.0
rs12437854	15q26.1	93598604.0	15	2e-09		20.030118656386467	921443530.0
rs9934817	16p13.3	6086218.0	16	8e-06	RBFOX1	11.736069016284437	927529748.0
rs74956101		9864106.0	16	7e-11		23.38252587387919	931307636.0
rs74956101		9864106.0	16	9e-10		20.82862635260424	931307636.0
rs12708716	16p13.13	11086016.0	16	3e-18	CLEC16A	40.34791938522471	932529546.0
rs12708716	16p13.13	11086016.0	16	5e-07	CLEC16A	14.508657738524219	932529546.0
rs12708716	16p13.13	11086016.0	16	2e-16	CLEC16A	36.14821430734479	932529546.0
rs12708716	16p13.13	11086016.0	16	5e-14	CLEC16A	30.626753389482538	932529546.0
rs12708716	16p13.13	11086016.0	16	7e-13	CLEC16A	27.98769605986728	932529546.0
rs12927355	16p13.13	11100914.0	16	3e-22	CLEC16A	49.558259757200894	932544444.0
rs741172	16p13.13	11106941.0	16	2e-16	CLEC16A	36.14821430734479	932550471.0
rs2903692	16p13.13	11144926.0	16	7e-11	CLEC16A	23.38252587387919	932588456.0
rs193778	16p13.13	11257354.0	16	4e-10	RMI2	21.639556568820566	932700884.0
rs416603	16p13.13	11270222.0	16	3e-06	RMI2	12.716898269296165	932713752.0
rs12444268	16p12.3	20331250.0	16	2e-07	GP2 - UMOD	15.424948470398375	941774780.0
rs4238595	16p12.3	20331769.0	16	2e-11	GP2 - UMOD	24.635288842374557	941775299.0
rs4238595	16p12.3	20331769.0	16	2e-11	GP2 - UMOD	24.635288842374557	941775299.0
rs4238595	16p12.3	20331769.0	16	2e-11	GP2 - UMOD	24.635288842374557	941775299.0
rs1110458	16p12.2	22969144.0	16	8e-06	HS3ST2 - USP31	11.736069016284437	944412674.0
rs151234	16p12.1	28494339.0	16	1e-10	CLN3	23.025850929940457	949937869.0
rs151234	16p12.1	28494339.0	16	5e-11	CLN3	23.7189981105004	949937869.0
rs4788084	16p11.2	28528527.0	16	3e-13	IL27 - NUPR1	28.834993920254483	949972057.0
rs4788084	16p11.2	28528527.0	16	1e-08	IL27 - NUPR1	18.420680743952367	949972057.0
rs562286756		51887655.0	16	2e-09		20.030118656386467	973331185.0
rs113935429	16q12.2	53788258.0	16	1e-08	FTO	18.420680743952367	975231788.0
rs187229894		61597297.0	16	8e-09		18.643824295266576	983040827.0
rs117426660		73991175.0	16	2e-08		17.72753356339242	995434705.0
rs72802342	16q23.1	75200974.0	16	6e-10	ZFP1 - CTRB2	21.234091460712403	996644504.0
rs7202877	16q23.1	75213347.0	16	3e-15	CTRB2 - CTRB1	33.44016410624258	996656877.0
rs7202844	16q23.1	75213493.0	16	2e-20	CTRB2 - CTRB1	45.35855467932097	996657023.0
rs8056814	16q23.1	75218429.0	16	3e-19	CTRB2 - CTRB1	42.65050447821876	996661959.0
rs8046043	16q23.2	80250127.0	16	2e-08		17.72753356339242	1001693657.0
rs34319244	17p13.2	4424870.0	17	3e-06	UBE2G1 - SPNS3	12.716898269296165	1006118527.0
rs61759532	17p13.1	7337072.0	17	2e-10	ACAP1	22.33270374938051	1009030729.0
rs16956936	17p13.1	7730374.0	17	5e-07	DNAH2	14.508657738524219	1009424031.0
rs2941522	17q12	39754115.0	17	7e-09	GRB7 - IKZF3	18.7773556878911	1041447772.0
rs2872507	17q21.1	39884510.0	17	2e-06	ZPBP2 - GSDMB	13.122363377404328	1041578167.0
rs12453507	17q21.1	39896954.0	17	1e-08	ZPBP2 - GSDMB	18.420680743952367	1041590611.0
rs2290400	17q21.1	39909987.0	17	6e-13	GSDMB	28.14184673969454	1041603644.0
rs56380902	17q21.1	39910119.0	17	1e-08	GSDMB	18.420680743952367	1041603776.0
rs7221109	17q21.2	40614034.0	17	1e-09	CCR7 - SMARCE1	20.72326583694641	1042307691.0
rs757411	17q21.2	40618898.0	17	1e-07	CCR7 - SMARCE1	16.11809565095832	1042312555.0
rs1052553	17q21.31	45996523.0	17	2e-15	MAPT, MAPT, MAPT	33.84562921435074	1047690180.0
rs1052553	17q21.31	45996523.0	17	8e-08	MAPT, MAPT, MAPT	16.34123920227253	1047690180.0
rs1052553	17q21.31	45996523.0	17	2e-15	MAPT, MAPT, MAPT	33.84562921435074	1047690180.0
rs11651753	17q21.32	47951723.0	17	1e-09	PNPO - PRR15L	20.72326583694641	1049645380.0
rs2597169	17q21.32	47956725.0	17	3e-09	PRR15L	19.624653548278303	1049650382.0
rs2597169	17q21.32	47956725.0	17	3e-09	PRR15L	19.624653548278303	1049650382.0
rs57209021	17q24.2	68168777.0	17	4e-08	RDM1P3 - ARHGAP27P2	17.034386382832476	1069862434.0
rs2542148	18p11.21	12777574.0	18	3e-16	LINC01882 - PTPN2	35.74274919923662	1082640008.0
rs2847278	18p11.21	12778716.0	18	1e-09	LINC01882 - PTPN2	20.72326583694641	1082641150.0
rs2542151	18p11.21	12779948.0	18	4e-13	LINC01882 - PTPN2	28.547311847802703	1082642382.0
rs2542151	18p11.21	12779948.0	18	9e-08	LINC01882 - PTPN2	16.223456166616145	1082642382.0
rs2542151	18p11.21	12779948.0	18	1e-14	LINC01882 - PTPN2	32.23619130191664	1082642382.0
rs1893217	18p11.21	12809341.0	18	4e-15	PTPN2	33.1524820337908	1082671775.0
rs1893217	18p11.21	12809341.0	18	1e-15	PTPN2	34.538776394910684	1082671775.0
rs12971201	18p11.21	12830539.0	18	2e-06	PTPN2	13.122363377404328	1082692973.0
rs550543239		21507398.0	18	2e-08		17.72753356339242	1091369832.0
rs113114656	18q21.1	47872985.0	18	2e-06	SMAD2	13.122363377404328	1117735419.0
rs144833113		58389479.0	18	2e-07		15.424948470398375	1128251913.0
rs144833113		58389479.0	18	5e-10		21.416413017506358	1128251913.0
rs118037200		58518360.0	18	5e-09		19.11382792451231	1128380794.0
rs118037200		58518360.0	18	3e-08		17.322068455284256	1128380794.0
rs144512578		69405649.0	18	1e-06		13.815510557964274	1139268083.0
rs146427450		69571112.0	18	1e-10		23.025850929940457	1139433546.0
rs1615504	18q22.2	69859408.0	18	2e-11	CD226	24.635288842374557	1139721842.0
rs763361	18q22.2	69864406.0	18	1e-08	CD226	18.420680743952367	1139726840.0
rs763361	18q22.2	69864406.0	18	1e-09	CD226	20.72326583694641	1139726840.0
rs74956615	19p13.2	10317045.0	19	5e-10	RAVER1	21.416413017506358	1150043885.0
rs34536443	19p13.2	10352442.0	19	2e-11	TYK2	24.635288842374557	1150079282.0
rs34536443	19p13.2	10352442.0	19	4e-15	TYK2	33.1524820337908	1150079282.0
rs12720356	19p13.2	10359299.0	19	4e-07	TYK2	14.73180128983843	1150086139.0
rs2304256	19p13.2	10364976.0	19	1e-10	TYK2	23.025850929940457	1150091816.0
rs2304256	19p13.2	10364976.0	19	4e-09	TYK2	19.33697147582652	1150091816.0
rs7351085		31157758.0	19	2e-08		17.72753356339242	1170884598.0
rs7351085		31157758.0	19	4e-16		35.45506712678484	1170884598.0
rs563597519		35897277.0	19	2e-06		13.122363377404328	1175624117.0
rs45518931		36013582.0	19	1e-08		18.420680743952367	1175740422.0
rs752049703		36633617.0	19	4e-08		17.034386382832476	1176360457.0
rs189285397		37034392.0	19	3e-08		17.322068455284256	1176761232.0
rs425105	19q13.32	46705224.0	19	3e-11	PRKD2	24.229823734266393	1186432064.0
rs402072	19q13.32	46715865.0	19	5e-08	PRKD2	16.811242831518264	1186442705.0
rs553696081		47871241.0	19	2e-08		17.72753356339242	1187598081.0
rs516246	19q13.33	48702915.0	19	5e-14	FUT2	30.626753389482538	1188429755.0
rs1881146	2p24.3	12494668.0	2	5e-08	MIR3681HG	16.811242831518264	1200924423.0
rs1534422	2p24.3	12500615.0	2	2e-06	MIR3681HG	13.122363377404328	1200930370.0
rs10169963	2p24.3	12512805.0	2	3e-08	MIR3681HG	17.322068455284256	1200942560.0
rs10169963	2p24.3	12512805.0	2	3e-08	MIR3681HG	17.322068455284256	1200942560.0
rs2165738	2p23.3	24469940.0	2	4e-06	ITSN2 - NCOA1	12.429216196844383	1212899695.0
rs478222	2p23.3	25078886.0	2	4e-09	EFR3B	19.33697147582652	1213508641.0
rs185443605		25772946.0	2	8e-06		11.736069016284437	1214202701.0
rs896487664		25865493.0	2	5e-09		19.11382792451231	1214295248.0
rs6547853	2p23.2	28423934.0	2	8e-07	FOSL2 - PLB1	14.038654109278484	1216853689.0
rs6544495		41910220.0	2	6e-09		18.931506367718356	1230339975.0
rs1962386		41913324.0	2	1.9999999999999997e-28		63.779235423273335	1230343079.0
rs185135749		60197190.0	2	1e-14		32.23619130191664	1248626945.0
rs185135749		60197190.0	2	2e-09		20.030118656386467	1248626945.0
rs7567242	2p16.1	60326008.0	2	4e-09	RNA5SP94 - MIR4432HG	19.33697147582652	1248755763.0
rs12464462	2p16.1	60409281.0	2	9e-10	MIR4432HG	20.82862635260424	1248839036.0
rs70962766	2p15	62179865.0	2	5e-07	COMMD1 - B3GNT2	14.508657738524219	1250609620.0
rs143757929		62744832.0	2	1e-08		18.420680743952367	1251174587.0
rs7583877	2q11.2	99844192.0	2	3e-07	AFF3	15.01948336229021	1288273947.0
rs7583877	2q11.2	99844192.0	2	1e-08	AFF3	18.420680743952367	1288273947.0
rs12712067	2q11.2	100147438.0	2	4e-09	AFF3	19.33697147582652	1288577193.0
rs12712067	2q11.2	100147438.0	2	4e-09	AFF3	19.33697147582652	1288577193.0
rs13415583	2q11.2	100147625.0	2	1e-07	AFF3	16.11809565095832	1288577380.0
rs9653442	2q11.2	100208905.0	2	5e-06	LINC01104	12.206072645530174	1288638660.0
rs4849135	2q13	110857502.0	2	4e-08	ACOXL	17.034386382832476	1299287257.0
rs140423469		117481369.0	2	4e-08		17.034386382832476	1305911124.0
rs1344228	2q14.3	123529348.0	2	8e-06		11.736069016284437	1311959103.0
rs520449		134538048.0	2	3e-52		118.63581254702227	1322967803.0
rs842353		134585720.0	2	5e-10		21.416413017506358	1323015475.0
rs10171677		134688820.0	2	7e-12		25.685110966873236	1323118575.0
rs6723108		134722410.0	2	3e-57		130.1487380119925	1323152165.0
rs6430545		134845031.0	2	1e-58		133.54993539365464	1323274786.0
rs10928520		134846613.0	2	2e-13		29.240459028362647	1323276368.0
rs1979033		134947988.0	2	1e-73		168.08871178856535	1323377743.0
rs1979033		134947988.0	2	4e-14		30.84989694079675	1323377743.0
rs7570971		135080336.0	2	9.000000000000001e-23		50.76223256152683	1323510091.0
rs6730157		135149518.0	2	1e-116		267.09987078730927	1323579273.0
rs1375131		135197227.0	2	4e-22		49.270577684749114	1323626982.0
rs935613		135265228.0	2	2.0000000000000002e-75		172.00073479399347	1323694983.0
rs2016636		135301250.0	2	3e-15		33.44016410624258	1323731005.0
rs6709525		135403522.0	2	2e-21		47.66113977231502	1323833277.0
rs6709525		135403522.0	2	2e-113		259.4989683277672	1323833277.0
rs6735329		135516008.0	2	9e-21		46.15706237553874	1323945763.0
rs1219701875		135571320.0	2	7e-114		260.5487904522659	1324001075.0
rs12465802		135623778.0	2	8.000000000000001e-23		50.88001559718322	1324053533.0
rs62168795		135671796.0	2	6e-117		267.6106964110753	1324101551.0
rs6739713		135731408.0	2	4e-14		30.84989694079675	1324161163.0
rs13404551		135964425.0	2	7e-16		34.89545133884942	1324394180.0
rs4954387		136026774.0	2	9.999999999999999e-92		209.53524346245817	1324456529.0
rs28815269		136221960.0	2	4e-16		35.45506712678484	1324651715.0
rs28815269		136221960.0	2	2e-73		167.3955646080054	1324651715.0
rs34800387		137009624.0	2	4e-11		23.942141661814613	1325439379.0
rs34800387		137009624.0	2	1.9999999999999998e-26		59.17406523728524	1325439379.0
rs192324744	2q22.2	141543366.0	2	2e-11	LRP1B	24.635288842374557	1329973121.0
rs17206992	2q24.1	154368670.0	2	6e-06	GALNT13	12.02375108873622	1342798425.0
rs77155259	2q24.2	161647730.0	2	2e-06	SLC4A10	13.122363377404328	1350077485.0
rs2111485	2q24.2	162254026.0	2	4e-18	FAP - IFIH1	40.060237312772934	1350683781.0
rs1990760	2q24.2	162267541.0	2	7e-09	IFIH1	18.7773556878911	1350697296.0
rs1990760	2q24.2	162267541.0	2	2e-14	IFIH1	31.543044121356694	1350697296.0
rs1990760	2q24.2	162267541.0	2	2e-11	IFIH1	24.635288842374557	1350697296.0
rs35667974	2q24.2	162268127.0	2	1e-11	IFIH1	25.328436022934504	1350697882.0
rs35667974	2q24.2	162268127.0	2	9e-09	IFIH1	18.526041259610192	1350697882.0
rs72871627	2q24.2	162280432.0	2	2e-06	IFIH1	13.122363377404328	1350710187.0
rs984971	2q24.2	162368011.0	2	3e-14	GCA	31.13757901324853	1350797766.0
rs60587303	2q24.3	168190122.0	2	3e-09	STK39	19.624653548278303	1356619877.0
rs836589	2q31.1	172628350.0	2	2e-06	PDK1 - RAPGEF4-AS1	13.122363377404328	1361058105.0
rs4972593	2q31.1	173598126.0	2	4e-08		17.034386382832476	1362027881.0
rs113517532	2q31.1	176780863.0	2	2e-06	LINC01117	13.122363377404328	1365210618.0
rs7582694	2q32.3	191105394.0	2	3e-09	STAT4	19.624653548278303	1379535149.0
rs7582694	2q32.3	191105394.0	2	3e-09	STAT4	19.624653548278303	1379535149.0
rs926169	2q33.2	203858029.0	2	9e-06	RNU6-474P - CTLA4	11.618285980628055	1392287784.0
rs3087243	2q33.2	203874196.0	2	1e-15	CTLA4 - ICOS	34.538776394910684	1392303951.0
rs3087243	2q33.2	203874196.0	2	8e-11	CTLA4 - ICOS	23.248994481254666	1392303951.0
rs3087243	2q33.2	203874196.0	2	2e-17	CTLA4 - ICOS	38.45079940033883	1392303951.0
rs3087243	2q33.2	203874196.0	2	7e-21	CTLA4 - ICOS	46.40837680381964	1392303951.0
rs3087243	2q33.2	203874196.0	2	2e-16	CTLA4 - ICOS	36.14821430734479	1392303951.0
rs7588550	2q34	212304043.0	2	2e-07	ERBB4	15.424948470398375	1400733798.0
rs555206121		217759606.0	2	4e-08		17.034386382832476	1406189361.0
rs181176493	2q36.1	223293148.0	2	2e-07	RN7SL807P - NA	15.424948470398375	1411722903.0
rs13018977	2q37.3	241338592.0	2	2e-08	SEPTIN2	17.72753356339242	1429768347.0
rs10933559	2q37.3	241468331.0	2	3e-11	FARP2	24.229823734266393	1429898086.0
rs10933559	2q37.3	241468331.0	2	3e-11	FARP2	24.229823734266393	1429898086.0
rs6055069	20p13	153643.0	20	1e-06	DEFB126 - DEFB127	13.815510557964274	1430051729.0
rs2281808	20p13	1629905.0	20	1e-11	SIRPG	25.328436022934504	1431527991.0
rs6043409	20p13	1635560.0	20	3e-10	SIRPG-AS1, SIRPG	21.927238641272346	1431533646.0
rs543301155		4377254.0	20	3e-09		19.624653548278303	1434275340.0
rs543301155		4377254.0	20	4e-06		12.429216196844383	1434275340.0
rs13045180	20q11.21	32943738.0	20	9e-06	EFCAB8	11.618285980628055	1462841824.0
rs11698685	20q13.33	60320788.0	20	1e-06	MIR646HG	13.815510557964274	1490218874.0
rs6027506	20q13.33	60321657.0	20	5e-06	MIR646HG	12.206072645530174	1490219743.0
rs67213764	21q21.1	19974842.0	21	9e-06	LINC01683 - NA	11.618285980628055	1510194585.0
rs2128344	21q21.1	20724226.0	21	8e-12	LINC00320	25.551579574248713	1510943969.0
rs12482425	21q21.2	23556791.0	21	9e-06		11.618285980628055	1513776534.0
rs531381284		41956642.0	21	4e-09		19.33697147582652	1532176385.0
rs531381284		41956642.0	21	2e-07		15.424948470398375	1532176385.0
rs11203202	21q22.3	42405248.0	21	1e-15	UBASH3A	34.538776394910684	1532624991.0
rs9981624	21q22.3	42405613.0	21	2e-12	UBASH3A	26.937873935368604	1532625356.0
rs11203203	21q22.3	42416077.0	21	2e-09	UBASH3A	20.030118656386467	1532635820.0
rs9976767	21q22.3	42416281.0	21	2e-08	UBASH3A	17.72753356339242	1532636024.0
rs3788013	21q22.3	42421219.0	21	1e-07	UBASH3A	16.11809565095832	1532640962.0
rs1893592	21q22.3	42434957.0	21	2e-09	UBASH3A	20.030118656386467	1532654700.0
rs6518350	21q22.3	44201934.0	21	1e-07	GATD3A	16.11809565095832	1534421677.0
rs56178904	21q22.3	44204668.0	21	7e-11	GATD3A	23.38252587387919	1534424411.0
rs56178904	21q22.3	44204668.0	21	7e-11	GATD3A	23.38252587387919	1534424411.0
rs74203920	21q22.3	44294411.0	21	2e-08	AIRE	17.72753356339242	1534514154.0
rs1568959252		44998426.0	21	6e-10		21.234091460712403	1535218169.0
rs1568959252		44998426.0	21	8e-09		18.643824295266576	1535218169.0
rs428595	22q11.21	21662102.0	22	2e-06	MIR130B - PPIL2	13.122363377404328	1556880271.0
rs428595	22q11.21	21662102.0	22	1e-06	MIR130B - PPIL2	13.815510557964274	1556880271.0
rs373009901	22q12.1	25592812.0	22	9e-06	GRK3	11.618285980628055	1560810981.0
rs4820830	22q12.2	30135102.0	22	1e-12	HORMAD2	27.631021115928547	1565353271.0
rs4336042	22q12.2	30156522.0	22	2e-11	HORMAD2	24.635288842374557	1565374691.0
rs5753037	22q12.2	30185733.0	22	3e-16	HORMAD2 - LIF-AS1	35.74274919923662	1565403902.0
rs743777	22q12.3	37155567.0	22	2e-06	IL2RB	13.122363377404328	1572373736.0
rs229533	22q12.3	37191071.0	22	2e-08	C1QTNF6	17.72753356339242	1572409240.0
rs229533	22q12.3	37191071.0	22	7e-09	C1QTNF6	18.7773556878911	1572409240.0
rs229541	22q12.3	37195278.0	22	2e-07	C1QTNF6	15.424948470398375	1572413447.0
rs229541	22q12.3	37195278.0	22	2e-08	C1QTNF6	17.72753356339242	1572413447.0
rs73018809	3p25.1	13329174.0	3	2e-07	NUP210	15.424948470398375	1585742621.0
rs553806124		27921000.0	3	1e-08		18.420680743952367	1600334447.0
rs950146	3p22.2	36638607.0	3	4e-06	NBPF21P - RN7SKP227	12.429216196844383	1609052054.0
rs113010081	3p21.31	46415921.0	3	5e-08	CCRL2 - LINC02009	16.811242831518264	1618829368.0
rs11130569		57041866.0	3	4e-13		28.547311847802703	1629455313.0
rs11130569		57041866.0	3	4e-09		19.33697147582652	1629455313.0
rs62251992		57259774.0	3	4e-16		35.45506712678484	1629673221.0
rs1480207964		57269656.0	3	4e-09		19.33697147582652	1629683103.0
rs60701868		57295247.0	3	2e-08		17.72753356339242	1629708694.0
rs36146296		57373867.0	3	6e-17		37.35218711167072	1629787314.0
rs11705721	3p14.3	58414687.0	3	9e-06	PXK	11.618285980628055	1630828134.0
rs9870517		64722924.0	3	6e-09		18.931506367718356	1637136371.0
rs4688508		64734347.0	3	1e-16		36.841361487904734	1637147794.0
rs9850225	3p12.2	80816613.0	3	5e-06	LINC02050 - NA	12.206072645530174	1653230060.0
rs28641753	3q13.11	104256574.0	3	2e-07		15.424948470398375	1676670021.0
rs9810233	3q13.11	105292046.0	3	7e-07	NA - ALCAM	14.172185501903007	1677705493.0
rs111821448	3q13.2	111874722.0	3	5e-06	PHLDB2	12.206072645530174	1684288169.0
rs144520550		114257954.0	3	5e-08		16.811242831518264	1686671401.0
rs113881148	4p16.3	973543.0	4	6e-09	DGKQ	18.931506367718356	1687644944.0
rs113881148	4p16.3	973543.0	4	6e-09	DGKQ	18.931506367718356	1687644944.0
rs56337234	4p16.3	1782676.0	4	4e-06	TACC3 - FGFR3	12.429216196844383	1688454077.0
rs78031527	4p16.1	6169503.0	4	5e-06	JAKMIP1, C4orf50	12.206072645530174	1692840904.0
rs186775995		24259293.0	4	4e-08		17.034386382832476	1710930694.0
rs10517086	4p15.2	26083889.0	4	5e-10	LINC02357	21.416413017506358	1712755290.0
rs337637	4p14	38602849.0	4	3e-10	KLF3-AS1	21.927238641272346	1725274250.0
rs337637	4p14	38602849.0	4	3e-10	KLF3-AS1	21.927238641272346	1725274250.0
rs139881548	4p12	46372280.0	4	7e-06	GABRA2	11.86960040890896	1733043681.0
rs34459306		92954497.0	4	4e-08		17.034386382832476	1779625898.0
rs34459306		92954497.0	4	7e-09		18.7773556878911	1779625898.0
rs146172950		105683278.0	4	2e-08		17.72753356339242	1792354679.0
rs7679475	4q27	121392885.0	4	4e-10	QRFPR - TUBB4BP5	21.639556568820566	1808064286.0
rs4505848	4q27	122211337.0	4	5e-13	KIAA1109	28.324168296488494	1808882738.0
rs6534347	4q27	122277280.0	4	2e-06	KIAA1109	13.122363377404328	1808948681.0
rs75793288	4q27	122322441.0	4	6e-13	KIAA1109	28.14184673969454	1808993842.0
rs17388568	4q27	122408207.0	4	6e-06	ADAD1	12.02375108873622	1809079608.0
rs17388568	4q27	122408207.0	4	3e-06	ADAD1	12.716898269296165	1809079608.0
rs2069762	4q27	122456825.0	4	5e-07	IL2 - NA	14.508657738524219	1809128226.0
rs13147255	4q28.1	124578751.0	4	1e-08	LINC02516 - ANKRD50	18.420680743952367	1811250152.0
rs28720060		137228466.0	4	1e-20		46.051701859880914	1823899867.0
rs28720060		137228466.0	4	1e-08		18.420680743952367	1823899867.0
rs2611215	4q32.3	165653115.0	4	2e-11	NA - LINC01179	24.635288842374557	1852324516.0
rs34740712	4q32.3	165916328.0	4	5e-06	TLL1	12.206072645530174	1852587729.0
rs11723864	4q34.1	173653255.0	4	7e-07	HAND2-AS1	14.172185501903007	1860324656.0
rs11725853	4q34.1	174721548.0	4	8e-07	GLRA3	14.038654109278484	1861392949.0
rs12644686	4q35.1	184381748.0	4	2e-08	LINC02362	17.72753356339242	1871053149.0
rs11959635		6893947.0	5	8e-07		14.038654109278484	1877947096.0
rs11959635		6893947.0	5	1e-08		18.420680743952367	1877947096.0
rs143537377	5p15.2	10500534.0	5	8e-06	LINC02212	11.736069016284437	1881553683.0
rs6897932	5p13.2	35874473.0	5	8e-06	IL7R	11.736069016284437	1906927622.0
rs11954020	5p13.2	35883149.0	5	4e-08	IL7R - CAPSL	17.034386382832476	1906936298.0
rs1445898	5p13.2	35910427.0	5	8e-06	CAPSL	11.736069016284437	1906963576.0
rs1876142	5p13.1	40521603.0	5	2e-14	TTC33	31.543044121356694	1911574752.0
rs1876142	5p13.1	40521603.0	5	2e-14	TTC33	31.543044121356694	1911574752.0
rs10213692	5q11.2	56146422.0	5	3e-09	ANKRD55	19.624653548278303	1927199571.0
rs10213692	5q11.2	56146422.0	5	3e-09	ANKRD55	19.624653548278303	1927199571.0
rs4513644	5q11.2	57837318.0	5	8e-07	NA - LINC02225	14.038654109278484	1928890467.0
rs115829748	5q13.2	72098560.0	5	1e-09	NA - MAP1B	20.72326583694641	1943151709.0
rs4704666		80384899.0	5	5e-08		16.811242831518264	1951438048.0
rs4704666		80384899.0	5	5e-16		35.23192357547063	1951438048.0
rs75205348		81431680.0	5	3e-10		21.927238641272346	1952484829.0
rs114378220	5q22.1	111230662.0	5	5e-09	CAMK4	19.11382792451231	1982283811.0
rs766751473	5q31.1	132431072.0	5	1e-08	IRF1-AS1	18.420680743952367	2003484221.0
rs17166496	5q31.1	133293192.0	5	5e-06	FSTL4	12.206072645530174	2004346341.0
rs574480779	5q33.2	155011321.0	5	9e-07	MRPL22 - KIF4B	13.9208710736221	2026064470.0
rs1050979	6p25.3	410417.0	6	6e-14	IRF4	30.444431832688586	2026474887.0
rs9405661	6p25.3	424915.0	6	2e-09	IRF4 - EXOC2	20.030118656386467	2026489385.0
rs9405661	6p25.3	424915.0	6	2e-09	IRF4 - EXOC2	20.030118656386467	2026489385.0
rs541715332		8311442.0	6	6e-09		18.931506367718356	2034375912.0
rs116418977		25365660.0	6	5e-41		92.79655090032178	2051430130.0
rs62392365		25371141.0	6	1e-09		20.72326583694641	2051435611.0
rs35789010		25513951.0	6	3e-65		148.56941875594487	2051578421.0
rs35789010		25513951.0	6	3e-23		51.860844850194944	2051578421.0
rs68006638		25710343.0	6	8.999999999999999e-70		158.98373193224697	2051774813.0
rs68006638		25710343.0	6	7.000000000000001e-23		51.013546989807736	2051774813.0
rs13201341		25822433.0	6	1e-71		163.48354160257725	2051886903.0
rs13211947		25864590.0	6	2e-22		49.96372486530906	2051929060.0
rs3884025		25929860.0	6	7e-73		166.14280163951003	2051994330.0
rs34888489		26073147.0	6	9e-24		53.06481765452088	2052137617.0
rs34888489		26073147.0	6	5e-74		168.78185896912527	2052137617.0
rs34961555		26199675.0	6	3e-79		180.8056100578615	2052264145.0
rs55706012		26266083.0	6	8e-27		60.0903559691594	2052330553.0
rs13220522		26316067.0	6	2.9999999999999997e-83		190.0159504298377	2052380537.0
rs75782365		26408323.0	6	4e-31		69.99384352169552	2052472793.0
rs4320356	6p22.2	26423332.0	6	3e-08	BTN2A3P	17.322068455284256	2052487802.0
rs13195401		26463346.0	6	6e-87		198.5331436212539	2052527816.0
rs13198716		26581807.0	6	1e-31		71.38013788281542	2052646277.0
rs13198716		26581807.0	6	1e-87		200.32490309048197	2052646277.0
rs1425018091		26732200.0	6	1e-79		181.90422234652962	2052796670.0
rs1425018091		26732200.0	6	1.9999999999999997e-28		63.779235423273335	2052796670.0
rs71557351		26835246.0	6	7.999999999999999e-26		57.787770876165354	2052899716.0
rs71557351		26835246.0	6	5e-11		23.7189981105004	2052899716.0
rs71206067		26935600.0	6	3e-87		199.22629080181386	2053000070.0
rs71206067		26935600.0	6	1e-31		71.38013788281542	2053000070.0
rs13207365		27063201.0	6	2.9999999999999997e-96		219.94955663876027	2053127671.0
rs55834529		27104763.0	6	7e-32		71.73681282675415	2053169233.0
rs35768595		27174125.0	6	9.000000000000001e-87		198.12767851314575	2053238595.0
rs72839445		27281907.0	6	7e-33		74.0393979197482	2053346377.0
rs34196306		27457865.0	6	1.9999999999999998e-32		72.98957579524952	2053522335.0
rs6904596		27523520.0	6	2e-96		220.35502174686843	2053587990.0
rs888169813		27559448.0	6	2.0000000000000003e-34		77.59474598123761	2053623918.0
rs35715914		27624224.0	6	4e-90		205.8463640083442	2053688694.0
rs35927079		27700521.0	6	4e-33		74.59901370768361	2053764991.0
rs13202295		27731058.0	6	5.999999999999997e-91		207.74348399323011	2053795528.0
rs13195728		27803328.0	6	6e-34		76.4961336925695	2053867798.0
rs1170010108		27883876.0	6	2e-102		234.1705323048327	2053948346.0
rs34788973		27911422.0	6	2e-35		79.89733107423166	2053975892.0
rs71559067		28026638.0	6	3e-94		215.3443864527722	2054091108.0
rs35952432		28107123.0	6	5e-36		81.28362543535154	2054171593.0
rs13217984		28171932.0	6	7e-95		216.79967368537902	2054236402.0
rs13205211		28235278.0	6	5.0000000000000005e-37		83.58621052834559	2054299748.0
rs13191786		28309894.0	6	2.9999999999999998e-92		210.7392162667841	2054374364.0
rs13198809		28355925.0	6	4.0000000000000004e-39		88.41452426564788	2054420395.0
rs398110012		28429899.0	6	8e-94		214.36355719976046	2054494369.0
rs34676049		28485841.0	6	4.0000000000000004e-39		88.41452426564788	2054550311.0
rs35044849		28699892.0	6	2.9999999999999997e-96		219.94955663876027	2054764362.0
rs35243068		28705657.0	6	4e-41		93.01969445163598	2054770127.0
rs3131337		28828294.0	6	4e-117		268.01616151918347	2054892764.0
rs3131071		28939145.0	6	1e-101		232.56109439239862	2055003615.0
rs3131071		28939145.0	6	7e-43		97.06524884968866	2055003615.0
rs1259270189		29051468.0	6	2.9999999999999996e-42		95.60996161708181	2055115938.0
rs114631266	6p22.1	29058810.0	6	2e-06	OR2W1 - OR2P1P	13.122363377404328	2055123280.0
rs866264659		29100913.0	6	4e-99		226.56962984529062	2055165383.0
rs3130831		29215110.0	6	9e-99		225.7586996290743	2055279580.0
rs3117342		29238474.0	6	6e-43		97.21939952951591	2055302944.0
rs9257809		29388554.0	6	6e-45		101.824569715504	2055453024.0
rs9257809		29388554.0	6	2.9999999999999998e-114		261.3960883126531	2055453024.0
rs1233488		29499942.0	6	2e-43		98.31801181818402	2055564412.0
rs413670		29558785.0	6	7e-108		246.73327989430163	2055623255.0
rs3131856		29639324.0	6	3.9999999999999995e-42		95.32227954463004	2055703794.0
rs430133		29683408.0	6	2.0000000000000002e-60		137.4619583990828	2055747878.0
rs9258375		29785031.0	6	9.999999999999999e-111		253.28436022934503	2055849501.0
rs9258375		29785031.0	6	5e-42		95.09913599331581	2055849501.0
rs2471863	6p22.1	29931850.0	6	8e-07	HLA-K - HLA-U	14.038654109278484	2055996320.0
rs9260151	6p22.1	29943253.0	6	8e-08	HLA-A, HLA-A, HLA-A, HLA-A	16.34123920227253	2056007723.0
rs34941730	6p22.1	29946109.0	6	2e-09	HLA-A - HLA-W	20.030118656386467	2056010579.0
rs9260324		29949300.0	6	2e-44		100.62059691117807	2056013770.0
rs3115631		30018547.0	6	2.9999999999999996e-42		95.60996161708181	2056083017.0
rs8321		30064745.0	6	2e-113		259.4989683277672	2056129215.0
rs2523989	6p22.1	30110498.0	6	2e-08	TRIM31, TRIM31, TRIM31, TRIM31, TRIM31, TRIM31, TRIM31, TRIM31-AS1, TRIM31-AS1, TRIM31-AS1, TRIM31-AS1, TRIM31-AS1, TRIM31-AS1, TRIM31-AS1	17.72753356339242	2056174968.0
rs61211515	6p22.1	30133199.0	6	1e-07	TRIM31-AS1 - TRIM40	16.11809565095832	2056197669.0
rs61211515	6p22.1	30133199.0	6	2e-06	TRIM31-AS1 - TRIM40	13.122363377404328	2056197669.0
rs1970		30157766.0	6	1e-51		117.43183974269633	2056222236.0
rs2517609		30202510.0	6	4e-125		286.4368422631358	2056266980.0
rs3094067		30331468.0	6	2e-47		107.5283521901602	2056395938.0
rs45626136	6p22.1	30345252.0	6	1e-06	RPP21, RPP21, RPP21, RPP21, RPP21, RPP21, TRIM39-RPP21	13.815510557964274	2056409722.0
rs3094053		30387407.0	6	2e-151		346.99720186154093	2056451877.0
rs3132645		30441472.0	6	1e-52		119.73442483569038	2056505942.0
rs1222508183		30569095.0	6	4e-132		302.5549379140941	2056633565.0
rs3132610		30576624.0	6	1e-57		131.2473503006606	2056641094.0
rs9262143		30685004.0	6	2e-133		305.5506701876481	2056749474.0
rs3130658		30733315.0	6	7e-56		126.99885505861124	2056797785.0
rs1405122185		30801949.0	6	1.0000000000000001e-271		624.0005602013864	2056866419.0
rs886424	6p21.33	30814225.0	6	3e-14	LINC00243	31.13757901324853	2056878695.0
rs2517578		30843488.0	6	2e-62		142.0671285850709	2056907958.0
rs116020851	6p21.33	30954755.0	6	3e-07	HCG21, HCG21, HCG21, HCG21, HCG21, SFTA2, SFTA2, SFTA2, SFTA2, SFTA2, SFTA2	15.01948336229021	2057019225.0
rs1462821813		30964532.0	6	2.0000000000000003e-202		464.4290416042373	2057029002.0
rs1632863		31000992.0	6	2e-64		146.672298771059	2057065462.0
rs1265057	6p21.33	31110838.0	6	2e-06	RNU6-1133P - C6orf15	13.122363377404328	2057175308.0
rs3130985		31117579.0	6	6e-72		163.99436722634323	2057182049.0
rs3094669		31135418.0	6	2e-219		503.57298818513607	2057199888.0
rs116763857	6p21.33	31173705.0	6	1e-14	POU5F1, POU5F1	32.23619130191664	2057238175.0
rs1793894		31229085.0	6	2.0000000000000002e-75		172.00073479399347	2057293555.0
rs6930376		31275040.0	6	1.9999999999999999e-286		657.8461894157372	2057339510.0
rs9264758	6p21.33	31280657.0	6	3e-07	RPL3P2, RPL3P2, RPL3P2, RPL3P2, RPL3P2, RPL3P2	15.01948336229021	2057345127.0
rs2524054	6p21.33	31284619.0	6	6e-21	RPL3P2 - WASF5P	46.5625274836469	2057349089.0
rs2524054	6p21.33	31284619.0	6	1.9999999999999997e-28	RPL3P2 - WASF5P	63.779235423273335	2057349089.0
rs1451199489		31348918.0	6	9e-76		172.79924249021124	2057413388.0
rs2523466		31395249.0	6	3e-279		641.3226286566706	2057459719.0
rs2251396	6p21.33	31396930.0	6	1e-22	HLA-S - MICA	50.65687204586901	2057461400.0
rs9501130	6p21.33	31449679.0	6	2e-11	LINC01149 - HCP5	24.635288842374557	2057514149.0
rs3130614		31508681.0	6	3e-80		183.10819515085555	2057573151.0
rs2516491		31517324.0	6	2e-308		708.5030614616061	2057581794.0
rs3093664	6p21.33	31576865.0	6	3e-07	TNF, TNF, TNF, TNF, TNF, TNF	15.01948336229021	2057641335.0
rs2857595	6p21.33	31600692.0	6	2.0000000000000002e-23	NCR3 - UQCRHP1	52.266309958303104	2057665162.0
rs3132450		31628361.0	6	3e-89		203.83146098780196	2057692831.0
rs11229		31635993.0	6	1e-302		695.3806980842018	2057700463.0
rs376621269		31799896.0	6	4e-282		647.942701863201	2057864366.0
rs376621269		31799896.0	6	2e-90		206.53951118890416	2057864366.0
rs558702		31902549.0	6	9e-92		209.640603978116	2057967019.0
rs1270942		31951083.0	6	1.0000000000000001e-283		651.631581317315	2058015553.0
rs1270942	6p21.33	31951083.0	6	5e-25	CFB, CFB, CFB, CFB, CFB, CFB	55.95518941241704	2058015553.0
rs1150757		32061428.0	6	7e-285		654.2908413542477	2058125898.0
rs1150752		32096949.0	6	1e-90		207.2326583694641	2058161419.0
rs3130297		32231204.0	6	4e-106		242.68772549624896	2058295674.0
rs869165433		32234432.0	6	1.0000000000000001e-305		702.288453363184	2058298902.0
rs3134938	6p21.32	32238711.0	6	8e-07	NOTCH4 - TSBP1-AS1	14.038654109278484	2058303181.0
rs1265757		32334605.0	6	4e-102		233.47738512427276	2058399075.0
rs926592	6p21.32	32337881.0	6	6e-06	TSBP1-AS1, TSBP1, TSBP1, TSBP1, TSBP1	12.02375108873622	2058402351.0
rs1980493	6p21.32	32395438.0	6	2e-20	TSBP1-AS1, BTNL2, BTNL2, BTNL2, BTNL2	45.35855467932097	2058459908.0
rs3806155		32405601.0	6	4e-308		707.8099142810462	2058470071.0
rs3135365	6p21.32	32421478.0	6	9e-06	TSBP1-AS1 - HLA-DRA	11.618285980628055	2058485948.0
rs9268576	6p21.32	32427864.0	6	2e-08	TSBP1-AS1 - HLA-DRA	17.72753356339242	2058492334.0
rs9268645	6p21.32	32440750.0	6	1e-100	HLA-DRA, HLA-DRA, HLA-DRA, HLA-DRA, HLA-DRA	230.25850929940458	2058505220.0
rs9269032		32469977.0	6	4e-108		247.29289568223703	2058534447.0
rs138748427	6p21.32	32516743.0	6	3e-09	HLA-DRB9 - HLA-DRB5	19.624653548278303	2058581213.0
rs71549272		32535377.0	6	2e-306		703.897891275618	2058599847.0
rs35477995		32596935.0	6	3e-28		63.37377031516517	2058661405.0
rs7760731	6p21.32	32615624.0	6	6e-11	HLA-DRB1 - HLA-DQA1	23.536676553706446	2058680094.0
rs9272346	6p21.32	32636595.0	6	5e-134	HLA-DQA1	306.936964548768	2058701065.0
rs9272346	6p21.32	32636595.0	6	6e-129	HLA-DQA1	295.24171752700386	2058701065.0
rs9273363	6p21.32	32658495.0	6	5e-138	HLA-DQA1 - HLA-DQB1	316.1473049207442	2058722965.0
rs9273367	6p21.32	32658661.0	6	6e-306	HLA-DQA1 - HLA-DQB1	702.79927898695	2058723131.0
rs1770	6p21.32	32660056.0	6	2e-232	HLA-DQB1, HLA-DQB1, HLA-DQB1, HLA-DQB1, HLA-DQB1, HLA-DQB1, HLA-DQB1-AS1, HLA-DQB1-AS1, HLA-DQB1-AS1, HLA-DQB1-AS1, HLA-DQB1-AS1, HLA-DQB1-AS1	533.5065943940587	2058724526.0
rs28746946		32684938.0	6	2e-308		708.5030614616061	2058749408.0
rs1794282		32698749.0	6	7e-110		251.3384500802897	2058763219.0
rs9275358	6p21.32	32700118.0	6	3e-07	HLA-DQB1 - MTCO3P1	15.01948336229021	2058764588.0
rs2647044	6p21.32	32700133.0	6	1e-16	HLA-DQB1 - MTCO3P1	36.841361487904734	2058764603.0
rs3135002	6p21.32	32700662.0	6	7e-08	HLA-DQB1 - MTCO3P1	16.474770594897052	2058765132.0
rs3135002	6p21.32	32700662.0	6	3e-08	HLA-DQB1 - MTCO3P1	17.322068455284256	2058765132.0
rs35122968	6p21.32	32714422.0	6	4e-11	MTCO3P1 - HLA-DQB3	23.942141661814613	2058778892.0
rs3997848	6p21.32	32714617.0	6	2e-14	MTCO3P1 - HLA-DQB3	31.543044121356694	2058779087.0
rs1257631742		32809144.0	6	9e-89		202.73284869913385	2058873614.0
rs1015166	6p21.32	32830954.0	6	4e-22	TAP2, TAP2, TAP2, TAP2, TAP2, TAP2	49.270577684749114	2058895424.0
rs241427	6p21.32	32836637.0	6	4e-06	TAP2, TAP2, TAP2, TAP2, TAP2, TAP2	12.429216196844383	2058901107.0
rs3819720		32836793.0	6	9.000000000000001e-273		626.4085058100383	2058901263.0
rs4148870	6p21.32	32838614.0	6	2e-06	TAP2, TAP2, TAP2, TAP2, TAP2, TAP2	13.122363377404328	2058903084.0
rs56098412		32911694.0	6	6e-63		143.27110138939682	2058976164.0
rs17214290		33020111.0	6	1e-12		27.631021115928547	2059084581.0
rs3128930	6p21.32	33107889.0	6	7e-06	COL11A2P1 - HLA-DPB2	11.86960040890896	2059172359.0
rs4713614		33160210.0	6	2e-151		346.99720186154093	2059224680.0
rs2855448		33168798.0	6	3e-16		35.74274919923662	2059233268.0
rs72887765		33301993.0	6	3e-09		19.624653548278303	2059366463.0
rs115337486		33387741.0	6	2e-108		247.98604286279698	2059452211.0
rs113196564		33464895.0	6	3e-10		21.927238641272346	2059529365.0
rs150420498		33489728.0	6	2e-108		247.98604286279698	2059554198.0
rs116647495		33647094.0	6	4e-08		17.034386382832476	2059711564.0
rs116647495		33647094.0	6	1e-96		221.04816892742838	2059711564.0
rs138181578	6p21.1	45758094.0	6	7e-07	RUNX2 - NA	14.172185501903007	2071822564.0
rs567939777		46032617.0	6	9e-06		11.618285980628055	2072097087.0
rs567939777		46032617.0	6	2e-08		17.72753356339242	2072097087.0
rs78824139	6q12	64748694.0	6	9e-06	EYS	11.618285980628055	2090813164.0
rs17711850	6q15	90155151.0	6	2e-09	BACH2	20.030118656386467	2116219621.0
rs3757247	6q15	90247744.0	6	1e-06	BACH2	13.815510557964274	2116312214.0
rs11755527	6q15	90248512.0	6	5e-12	BACH2	26.021583203494448	2116312982.0
rs11755527	6q15	90248512.0	6	5e-08	BACH2	16.811242831518264	2116312982.0
rs11755527	6q15	90248512.0	6	1e-06	BACH2	13.815510557964274	2116312982.0
rs11755527	6q15	90248512.0	6	3e-08	BACH2	17.322068455284256	2116312982.0
rs72928038	6q15	90267049.0	6	6e-14	BACH2	30.444431832688586	2116331519.0
rs72928038	6q15	90267049.0	6	1e-11	BACH2	25.328436022934504	2116331519.0
rs9354144	6q16.1	94847753.0	6	6e-06		12.02375108873622	2120912223.0
rs2045258	6q22.32	126353208.0	6	2e-09	CENPW - NA	20.030118656386467	2152417678.0
rs9388489	6q22.32	126377573.0	6	4e-13	CENPW - NA	28.547311847802703	2152442043.0
rs1578060	6q22.32	126391101.0	6	2e-06	CENPW - MIR588	13.122363377404328	2152455571.0
rs1538171	6q22.32	126431738.0	6	7e-10	CENPW - MIR588	21.079940780885142	2152496208.0
rs62425513		127756593.0	6	4e-08		17.034386382832476	2153821063.0
rs12665429	6q23.3	137682468.0	6	1e-13	NA - LINC02539	29.933606208922594	2163746938.0
rs12665429	6q23.3	137682468.0	6	1e-13	NA - LINC02539	29.933606208922594	2163746938.0
rs6931865	6q24.2	143758717.0	6	4e-06	PHACTR2	12.429216196844383	2169823187.0
rs212408	6q25.3	159049210.0	6	1e-15	TAGAP-AS1	34.538776394910684	2185113680.0
rs212408	6q25.3	159049210.0	6	1e-15	TAGAP-AS1	34.538776394910684	2185113680.0
rs73043122	6q27	166969779.0	6	4e-06	RNASET2 - MIR3939	12.429216196844383	2193034249.0
rs924043	6q27	170063801.0	6	8e-09		18.643824295266576	2196128271.0
rs10258381	7p21.3	10057028.0	7	5e-06		12.206072645530174	2206185299.0
rs6461299	7p21.1	17147155.0	7	2e-06	AHR	13.122363377404328	2213275426.0
rs7805218	7p21.1	20339178.0	7	9e-09	ITGB8	18.526041259610192	2216467449.0
rs17143056	7p21.1	20557306.0	7	2e-08	NA - EEF1A1P27	17.72753356339242	2216685577.0
rs17143056	7p21.1	20557306.0	7	2e-08	NA - EEF1A1P27	17.72753356339242	2216685577.0
rs7804356	7p15.2	26852046.0	7	5e-09	SKAP2	19.11382792451231	2222980317.0
rs10245867	7p15.1	28102567.0	7	3e-08	JAZF1	17.322068455284256	2224230838.0
rs10245867	7p15.1	28102567.0	7	3e-08	JAZF1	17.322068455284256	2224230838.0
rs550448	7p15.1	28189423.0	7	5e-07	JAZF1-AS1	14.508657738524219	2224317694.0
rs10255565	7p13	43408191.0	7	1e-06	HECW1	13.815510557964274	2239536462.0
rs62461371		44959149.0	7	4e-15		33.1524820337908	2241087420.0
rs62461371		44959149.0	7	1e-10		23.025850929940457	2241087420.0
rs534191848		48863732.0	7	5e-08		16.811242831518264	2244992003.0
rs62447205	7p12.2	50398132.0	7	3e-08	IKZF1	17.322068455284256	2246526403.0
rs7780389	7p12.1	50947496.0	7	6e-09	NA - COBL	18.931506367718356	2247075767.0
rs4263714	7p12.1	50955790.0	7	4e-06	NA - COBL	12.429216196844383	2247084061.0
rs4948088	7p12.1	50959497.0	7	4e-08	NA - COBL	17.034386382832476	2247087768.0
rs10277986	7p12.1	50961290.0	7	1e-07	NA - COBL	16.11809565095832	2247089561.0
rs7795896	7q31.2	117446559.0	7	2e-16	CFTR	36.14821430734479	2313574830.0
rs148505224		117532167.0	7	2e-08		17.72753356339242	2313660438.0
rs3757787	7q32.1	127618330.0	7	1e-08	PAX4 - SND1	18.420680743952367	2323746601.0
rs3757787	7q32.1	127618330.0	7	1e-08	PAX4 - SND1	18.420680743952367	2323746601.0
rs77768351		129944187.0	7	8e-09		18.643824295266576	2326072458.0
rs62489382		129949957.0	7	5e-12		26.021583203494448	2326078228.0
rs7460469	8p23.1	11169932.0	8	1e-08	XKR6	18.420680743952367	2337248160.0
rs2250903	8p23.1	11877675.0	8	1e-10	CTSB - OR7E158P	23.025850929940457	2337955903.0
rs2250903	8p23.1	11877675.0	8	1e-10	CTSB - OR7E158P	23.025850929940457	2337955903.0
rs2410601	8p22	19065067.0	8	4e-06	PSD3	12.429216196844383	2345143295.0
rs188998530		20451062.0	8	8e-09		18.643824295266576	2346529290.0
rs1586135813		56693303.0	8	3e-08		17.322068455284256	2382771531.0
rs1586135813		56693303.0	8	4e-10		21.639556568820566	2382771531.0
rs1947178	8q12.1	58959618.0	8	2e-09	TOX	20.030118656386467	2385037846.0
rs571622299	8q21.11	72930288.0	8	6e-06	KCNB2	12.02375108873622	2399008516.0
rs575681391		76353999.0	8	1e-08		18.420680743952367	2402432227.0
rs575681391		76353999.0	8	4e-06		12.429216196844383	2402432227.0
rs12679857	8q24.12	118965098.0	8	4e-07	TNFRSF11B - RNU6-12P	14.73180128983843	2445043326.0
rs13259300	8q24.12	119070702.0	8	3e-10	COLEC10	21.927238641272346	2445148930.0
rs4871297	8q24.13	122693916.0	8	2e-06	LINC01151	13.122363377404328	2448772144.0
rs35766765	8q24.22	132775726.0	8	3e-06	PHF20L1	12.716898269296165	2458853954.0
rs3802214	8q24.3	140606084.0	8	3e-08	AGO2	17.322068455284256	2466684312.0
rs6476839	9p24.2	4290823.0	9	1e-09	GLIS3	20.72326583694641	2470975135.0
rs7020673	9p24.2	4291747.0	9	5e-12	GLIS3	26.021583203494448	2470976059.0
rs10974438	9p24.2	4291928.0	9	1e-06	GLIS3	13.815510557964274	2470976240.0
rs10758593	9p24.2	4292083.0	9	3e-06	GLIS3	12.716898269296165	2470976395.0
rs74629033	9p24.1	5421234.0	9	5e-06	PLGRKT	12.206072645530174	2472105546.0
rs1396962964		5703334.0	9	4e-10		21.639556568820566	2472387646.0
rs1396962964		5703334.0	9	5e-08		16.811242831518264	2472387646.0
rs10961433	9p22.3	14228472.0	9	2e-06	NFIB	13.122363377404328	2480912784.0
rs224009		20324372.0	9	7.000000000000001e-23		51.013546989807736	2487008684.0
rs224009		20324372.0	9	3e-09		19.624653548278303	2487008684.0
rs1970112	9p21.3	22085599.0	9	1e-08	CDKN2B-AS1	18.420680743952367	2488769911.0
rs10811662	9p21.3	22134254.0	9	1e-10	CDKN2B-AS1 - DMRTA1	23.025850929940457	2488818566.0
rs143723948	9p13.2	37034098.0	9	6e-07	PAX5	14.326336181730264	2503718410.0
rs12344245	9q21.12	69340801.0	9	9e-06	FAM189A2	11.618285980628055	2536025113.0
rs12344245	9q21.12	69340801.0	9	9e-06	FAM189A2	11.618285980628055	2536025113.0
rs72739842		71822481.0	9	5e-08		16.811242831518264	2538506793.0
rs1405209	9q31.1	99823263.0	9	3e-08	NR4A3, STX17-AS1	17.322068455284256	2566507575.0
rs1405209	9q31.1	99823263.0	9	3e-08	NR4A3, STX17-AS1	17.322068455284256	2566507575.0
rs4837404	9q34.11	129743380.0	9	5e-06	PTGES	12.206072645530174	2596427692.0
rs541856133	9q34.13	133060938.0	9	4e-17	GTF3C5 - CEL	37.75765221977888	2599745250.0
rs657152	9q34.2	133263862.0	9	1e-13	ABO, ABO	29.933606208922594	2599948174.0
rs2664170	Xq28	154717327.0	X	8e-09	GAB3	18.643824295266576	2754665501.0