i	rsid	region	chr_pos	chr_id	p_value	mapped_gene	logp	cumulative_pos
0	rs28600853	1p36.32	2863195.0	1.0	6e-06	TTC34 - NA	12.02375108873622	2863195.0
1	rs17407280	1p36.12	20693912.0	1.0	7e-06	KIF17	11.86960040890896	20693912.0
2	rs10751776	1p36.11	24970252.0	1.0	3e-08	RUNX3 - MIR4425	17.322068455284256	24970252.0
3	rs574384	1p34.3	35622060.0	1.0	2e-08	PSMB2	17.72753356339242	35622060.0
4	rs386630424		37781423.0	1.0	6e-16		35.04960201867667	37781423.0
5	rs1569836568		37812907.0	1.0	6e-14		30.444431832688583	37812907.0
6	rs12742756	1p34.3	37881745.0	1.0	4e-08	INPP5B	17.034386382832476	37881745.0
7	rs34349547		37891198.0	1.0	1e-19		43.74911676688687	37891198.0
8	rs79236527		63633409.0	1.0	2e-08		17.72753356339242	63633409.0
10	rs2269247	1p31.3	63641613.0	1.0	2e-06	PGM1	13.122363377404328	63641613.0
11	rs2269241	1p31.3	63643100.0	1.0	4e-07	PGM1	14.73180128983843	63643100.0
12	rs855330	1p31.3	63648218.0	1.0	5e-11	PGM1	23.7189981105004	63648218.0
13	rs559043037		78372988.0	1.0	3e-08		17.322068455284256	78372988.0
14	rs1983853	1p22.3	84845509.0	1.0	2e-06	LPAR3	13.122363377404328	84845509.0
15	rs34090353	1p22.1	92358141.0	1.0	1e-08	RPAP2	18.420680743952367	92358141.0
17	rs61343935		102495801.0	1.0	3e-08		17.322068455284256	102495801.0
18	rs2153977	1p13.2	113537449.0	1.0	4e-07	MAGI3	14.73180128983843	113537449.0
19	rs6679677	1p13.2	113761186.0	1.0	2e-06	PHTF1 - RSBN1	13.122363377404328	113761186.0
27	rs2476601	1p13.2	113834946.0	1.0	1e-07	PTPN22	16.11809565095832	113834946.0
32	rs1217403	1p13.2	113846182.0	1.0	4e-08	PTPN22	17.034386382832476	113846182.0
33	rs2358994	1p13.2	113886839.0	1.0	2e-11	AP4B1-AS1, BCL2L15	24.63528884237456	113886839.0
34	rs2641348	1p12	119895261.0	1.0	2e-08	ADAM30	17.72753356339242	119895261.0
36	rs1493696	1p12	119962909.0	1.0	8e-09	NOTCH2	18.643824295266576	119962909.0
38	rs998500		151853237.0	1.0	3e-08		17.322068455284256	151853237.0
39	rs2229238	1q21.3	154465420.0	1.0	1e-12	IL6R	27.631021115928547	154465420.0
41	rs7528684	1q23.1	157701026.0	1.0	8e-09	FCRL3 - VDAC1P9	18.643824295266576	157701026.0
42	rs857786	1q23.1	158815304.0	1.0	6e-09	OR10AA1P - MNDA	18.93150636771836	158815304.0
43	rs10919543	1q23.3	161538827.0	1.0	6e-06	RPS23P10 - FCGR3A	12.02375108873622	161538827.0
44	rs78037977	1q24.3	172746562.0	1.0	2e-09	FASLG - SLC25A38P1	20.030118656386467	172746562.0
46	rs114721354		182869236.0	1.0	4e-08		17.034386382832476	182869236.0
47	rs2816313	1q31.2	192570207.0	1.0	5e-09	NA - RGS1	19.11382792451231	192570207.0
49	rs2990510	1q31.3	197051528.0	1.0	6e-06	F13B	12.02375108873622	197051528.0
50	rs570794153	1q31.3	198629260.0	1.0	4e-11	ATP6V1G3 - PTPRC	23.942141661814613	198629260.0
51	rs6691977	1q32.1	200845831.0	1.0	4e-08	CAMSAP2	17.034386382832476	200845831.0
52	rs138760780	1q32.1	205515245.0	1.0	9e-06	CDK18	11.618285980628055	205515245.0
54	rs3024505	1q32.1	206766559.0	1.0	6e-08	Y_RNA - IL10	16.62892127472431	206766559.0
57	rs3024493	1q32.1	206770623.0	1.0	5e-10	IL10	21.41641301750636	206770623.0
58	rs7524087	1q32.3	212470318.0	1.0	8e-06	LINC02771	11.736069016284436	212470318.0
59	rs12128789	1q32.3	212679490.0	1.0	4e-09	LINC02773 - BATF3	19.33697147582652	212679490.0
60	rs11120029	1q32.3	212796238.0	1.0	2e-08	TATDN3	17.72753356339242	212796238.0
62	rs191521884		221898846.0	1.0	3e-08		17.322068455284256	221898846.0
63	rs559047	1q43	238590616.0	1.0	4e-06	KRT18P32 - NA	12.429216196844385	238590616.0
65	rs1881146	2p24.3	12494668.0	2.0	5e-08	MIR3681HG	16.811242831518264	251085284.0
66	rs1534422	2p24.3	12500615.0	2.0	2e-06	MIR3681HG	13.122363377404328	251091231.0
67	rs10169963	2p24.3	12512805.0	2.0	3e-08	MIR3681HG	17.322068455284256	251103421.0
69	rs2165738	2p23.3	24469940.0	2.0	4e-06	ITSN2 - NCOA1	12.429216196844385	263060556.0
70	rs478222	2p23.3	25078886.0	2.0	4e-09	EFR3B	19.33697147582652	263669502.0
71	rs185443605		25772946.0	2.0	8e-06		11.736069016284436	264363562.0
72	rs896487664		25865493.0	2.0	5e-09		19.11382792451231	264456109.0
73	rs6547853	2p23.2	28423934.0	2.0	8e-07	FOSL2 - PLB1	14.038654109278484	267014550.0
74	rs6544495		41910220.0	2.0	6e-09		18.93150636771836	280500836.0
75	rs1962386		41913324.0	2.0	1.9999999999999997e-28		63.779235423273335	280503940.0
76	rs185135749		60197190.0	2.0	2e-09		20.030118656386467	298787806.0
78	rs7567242	2p16.1	60326008.0	2.0	4e-09	RNA5SP94 - MIR4432HG	19.33697147582652	298916624.0
79	rs12464462	2p16.1	60409281.0	2.0	9e-10	MIR4432HG	20.82862635260424	298999897.0
80	rs70962766	2p15	62179865.0	2.0	5e-07	COMMD1 - B3GNT2	14.50865773852422	300770481.0
81	rs143757929		62744832.0	2.0	1e-08		18.420680743952367	301335448.0
83	rs7583877	2q11.2	99844192.0	2.0	3e-07	AFF3	15.01948336229021	338434808.0
84	rs12712067	2q11.2	100147438.0	2.0	4e-09	AFF3	19.33697147582652	338738054.0
86	rs13415583	2q11.2	100147625.0	2.0	1e-07	AFF3	16.11809565095832	338738241.0
87	rs9653442	2q11.2	100208905.0	2.0	5e-06	LINC01104	12.206072645530174	338799521.0
88	rs4849135	2q13	110857502.0	2.0	4e-08	ACOXL	17.034386382832476	349448118.0
89	rs140423469		117481369.0	2.0	4e-08		17.034386382832476	356071985.0
90	rs1344228	2q14.3	123529348.0	2.0	8e-06		11.736069016284436	362119964.0
91	rs520449		134538048.0	2.0	3e-52		118.63581254702228	373128664.0
92	rs842353		134585720.0	2.0	5e-10		21.41641301750636	373176336.0
93	rs10171677		134688820.0	2.0	7e-12		25.68511096687324	373279436.0
94	rs6723108		134722410.0	2.0	3e-57		130.1487380119925	373313026.0
95	rs6430545		134845031.0	2.0	1e-58		133.54993539365464	373435647.0
96	rs10928520		134846613.0	2.0	2e-13		29.240459028362647	373437229.0
98	rs1979033		134947988.0	2.0	4e-14		30.84989694079675	373538604.0
99	rs7570971		135080336.0	2.0	9.000000000000001e-23		50.76223256152683	373670952.0
100	rs6730157		135149518.0	2.0	1e-116		267.09987078730927	373740134.0
101	rs1375131		135197227.0	2.0	4e-22		49.27057768474912	373787843.0
102	rs935613		135265228.0	2.0	2.0000000000000002e-75		172.00073479399347	373855844.0
103	rs2016636		135301250.0	2.0	3e-15		33.44016410624258	373891866.0
105	rs6709525		135403522.0	2.0	2e-21		47.66113977231502	373994138.0
106	rs6735329		135516008.0	2.0	9e-21		46.15706237553874	374106624.0
107	rs1219701875		135571320.0	2.0	7e-114		260.5487904522659	374161936.0
108	rs12465802		135623778.0	2.0	8.000000000000001e-23		50.88001559718322	374214394.0
109	rs62168795		135671796.0	2.0	6e-117		267.6106964110753	374262412.0
110	rs6739713		135731408.0	2.0	4e-14		30.84989694079675	374322024.0
111	rs13404551		135964425.0	2.0	7e-16		34.89545133884942	374555041.0
112	rs4954387		136026774.0	2.0	9.999999999999999e-92		209.53524346245817	374617390.0
114	rs28815269		136221960.0	2.0	4e-16		35.45506712678484	374812576.0
116	rs34800387		137009624.0	2.0	4e-11		23.942141661814613	375600240.0
117	rs192324744	2q22.2	141543366.0	2.0	2e-11	LRP1B	24.63528884237456	380133982.0
118	rs17206992	2q24.1	154368670.0	2.0	6e-06	GALNT13	12.02375108873622	392959286.0
119	rs77155259	2q24.2	161647730.0	2.0	2e-06	SLC4A10	13.122363377404328	400238346.0
120	rs2111485	2q24.2	162254026.0	2.0	4e-18	FAP - IFIH1	40.06023731277293	400844642.0
122	rs1990760	2q24.2	162267541.0	2.0	7e-09	IFIH1	18.7773556878911	400858157.0
124	rs35667974	2q24.2	162268127.0	2.0	9e-09	IFIH1	18.526041259610192	400858743.0
126	rs72871627	2q24.2	162280432.0	2.0	2e-06	IFIH1	13.122363377404328	400871048.0
127	rs984971	2q24.2	162368011.0	2.0	3e-14	GCA	31.13757901324853	400958627.0
128	rs60587303	2q24.3	168190122.0	2.0	3e-09	STK39	19.624653548278303	406780738.0
129	rs836589	2q31.1	172628350.0	2.0	2e-06	PDK1 - RAPGEF4-AS1	13.122363377404328	411218966.0
130	rs4972593	2q31.1	173598126.0	2.0	4e-08		17.034386382832476	412188742.0
131	rs113517532	2q31.1	176780863.0	2.0	2e-06	LINC01117	13.122363377404328	415371479.0
132	rs7582694	2q32.3	191105394.0	2.0	3e-09	STAT4	19.624653548278303	429696010.0
134	rs926169	2q33.2	203858029.0	2.0	9e-06	RNU6-474P - CTLA4	11.618285980628055	442448645.0
137	rs3087243	2q33.2	203874196.0	2.0	8e-11	CTLA4 - ICOS	23.248994481254663	442464812.0
140	rs7588550	2q34	212304043.0	2.0	2e-07	ERBB4	15.424948470398377	450894659.0
141	rs555206121		217759606.0	2.0	4e-08		17.034386382832476	456350222.0
142	rs181176493	2q36.1	223293148.0	2.0	2e-07	RN7SL807P - NA	15.424948470398377	461883764.0
143	rs13018977	2q37.3	241338592.0	2.0	2e-08	SEPTIN2	17.72753356339242	479929208.0
144	rs10933559	2q37.3	241468331.0	2.0	3e-11	FARP2	24.229823734266397	480058947.0
146	rs73018809	3p25.1	13329174.0	3.0	2e-07	NUP210	15.424948470398377	493388121.0
147	rs553806124		27921000.0	3.0	1e-08		18.420680743952367	507979947.0
148	rs950146	3p22.2	36638607.0	3.0	4e-06	NBPF21P - RN7SKP227	12.429216196844385	516697554.0
149	rs113010081	3p21.31	46415921.0	3.0	5e-08	CCRL2 - LINC02009	16.811242831518264	526474868.0
151	rs11130569		57041866.0	3.0	4e-09		19.33697147582652	537100813.0
152	rs62251992		57259774.0	3.0	4e-16		35.45506712678484	537318721.0
153	rs1480207964		57269656.0	3.0	4e-09		19.33697147582652	537328603.0
154	rs60701868		57295247.0	3.0	2e-08		17.72753356339242	537354194.0
155	rs36146296		57373867.0	3.0	6e-17		37.35218711167072	537432814.0
156	rs11705721	3p14.3	58414687.0	3.0	9e-06	PXK	11.618285980628055	538473634.0
157	rs9870517		64722924.0	3.0	6e-09		18.93150636771836	544781871.0
158	rs4688508		64734347.0	3.0	1e-16		36.841361487904734	544793294.0
159	rs9850225	3p12.2	80816613.0	3.0	5e-06	LINC02050 - NA	12.206072645530174	560875560.0
160	rs28641753	3q13.11	104256574.0	3.0	2e-07		15.424948470398377	584315521.0
161	rs9810233	3q13.11	105292046.0	3.0	7e-07	NA - ALCAM	14.172185501903009	585350993.0
162	rs111821448	3q13.2	111874722.0	3.0	5e-06	PHLDB2	12.206072645530174	591933669.0
163	rs144520550		114257954.0	3.0	5e-08		16.811242831518264	594316901.0
164	rs113881148	4p16.3	973543.0	4.0	6e-09	DGKQ	18.93150636771836	595290444.0
166	rs56337234	4p16.3	1782676.0	4.0	4e-06	TACC3 - FGFR3	12.429216196844385	596099577.0
167	rs78031527	4p16.1	6169503.0	4.0	5e-06	JAKMIP1, C4orf50	12.206072645530174	600486404.0
168	rs186775995		24259293.0	4.0	4e-08		17.034386382832476	618576194.0
169	rs10517086	4p15.2	26083889.0	4.0	5e-10	LINC02357	21.41641301750636	620400790.0
170	rs337637	4p14	38602849.0	4.0	3e-10	KLF3-AS1	21.927238641272343	632919750.0
172	rs139881548	4p12	46372280.0	4.0	7e-06	GABRA2	11.86960040890896	640689181.0
174	rs34459306		92954497.0	4.0	4e-08		17.034386382832476	687271398.0
175	rs146172950		105683278.0	4.0	2e-08		17.72753356339242	700000179.0
176	rs7679475	4q27	121392885.0	4.0	4e-10	QRFPR - TUBB4BP5	21.639556568820566	715709786.0
177	rs4505848	4q27	122211337.0	4.0	5e-13	KIAA1109	28.32416829648849	716528238.0
178	rs6534347	4q27	122277280.0	4.0	2e-06	KIAA1109	13.122363377404328	716594181.0
179	rs75793288	4q27	122322441.0	4.0	6e-13	KIAA1109	28.14184673969454	716639342.0
181	rs17388568	4q27	122408207.0	4.0	6e-06	ADAD1	12.02375108873622	716725108.0
182	rs2069762	4q27	122456825.0	4.0	5e-07	IL2 - NA	14.50865773852422	716773726.0
183	rs13147255	4q28.1	124578751.0	4.0	1e-08	LINC02516 - ANKRD50	18.420680743952367	718895652.0
185	rs28720060		137228466.0	4.0	1e-08		18.420680743952367	731545367.0
186	rs2611215	4q32.3	165653115.0	4.0	2e-11	NA - LINC01179	24.63528884237456	759970016.0
187	rs34740712	4q32.3	165916328.0	4.0	5e-06	TLL1	12.206072645530174	760233229.0
188	rs11723864	4q34.1	173653255.0	4.0	7e-07	HAND2-AS1	14.172185501903009	767970156.0
189	rs11725853	4q34.1	174721548.0	4.0	8e-07	GLRA3	14.038654109278484	769038449.0
190	rs12644686	4q35.1	184381748.0	4.0	2e-08	LINC02362	17.72753356339242	778698649.0
191	rs11959635		6893947.0	5.0	8e-07		14.038654109278484	785592596.0
193	rs143537377	5p15.2	10500534.0	5.0	8e-06	LINC02212	11.736069016284436	789199183.0
194	rs6897932	5p13.2	35874473.0	5.0	8e-06	IL7R	11.736069016284436	814573122.0
195	rs11954020	5p13.2	35883149.0	5.0	4e-08	IL7R - CAPSL	17.034386382832476	814581798.0
196	rs1445898	5p13.2	35910427.0	5.0	8e-06	CAPSL	11.736069016284436	814609076.0
197	rs1876142	5p13.1	40521603.0	5.0	2e-14	TTC33	31.543044121356694	819220252.0
199	rs10213692	5q11.2	56146422.0	5.0	3e-09	ANKRD55	19.624653548278303	834845071.0
201	rs4513644	5q11.2	57837318.0	5.0	8e-07	NA - LINC02225	14.038654109278484	836535967.0
202	rs115829748	5q13.2	72098560.0	5.0	1e-09	NA - MAP1B	20.72326583694641	850797209.0
204	rs4704666		80384899.0	5.0	5e-08		16.811242831518264	859083548.0
205	rs75205348		81431680.0	5.0	3e-10		21.927238641272343	860130329.0
206	rs114378220	5q22.1	111230662.0	5.0	5e-09	CAMK4	19.11382792451231	889929311.0
207	rs766751473	5q31.1	132431072.0	5.0	1e-08	IRF1-AS1	18.420680743952367	911129721.0
208	rs17166496	5q31.1	133293192.0	5.0	5e-06	FSTL4	12.206072645530174	911991841.0
209	rs574480779	5q33.2	155011321.0	5.0	9e-07	MRPL22 - KIF4B	13.9208710736221	933709970.0
210	rs1050979	6p25.3	410417.0	6.0	6e-14	IRF4	30.444431832688583	934120387.0
211	rs9405661	6p25.3	424915.0	6.0	2e-09	IRF4 - EXOC2	20.030118656386467	934134885.0
213	rs541715332		8311442.0	6.0	6e-09		18.93150636771836	942021412.0
214	rs116418977		25365660.0	6.0	5e-41		92.79655090032178	959075630.0
215	rs62392365		25371141.0	6.0	1e-09		20.72326583694641	959081111.0
216	rs35789010		25513951.0	6.0	3e-23		51.860844850194944	959223921.0
218	rs68006638		25710343.0	6.0	7.000000000000001e-23		51.013546989807736	959420313.0
220	rs13201341		25822433.0	6.0	1e-71		163.48354160257725	959532403.0
221	rs13211947		25864590.0	6.0	2e-22		49.96372486530906	959574560.0
222	rs3884025		25929860.0	6.0	7e-73		166.14280163951005	959639830.0
223	rs34888489		26073147.0	6.0	9e-24		53.06481765452088	959783117.0
225	rs34961555		26199675.0	6.0	3e-79		180.8056100578615	959909645.0
226	rs55706012		26266083.0	6.0	8e-27		60.0903559691594	959976053.0
227	rs13220522		26316067.0	6.0	2.9999999999999997e-83		190.0159504298377	960026037.0
228	rs75782365		26408323.0	6.0	4e-31		69.99384352169552	960118293.0
229	rs4320356	6p22.2	26423332.0	6.0	3e-08	BTN2A3P	17.322068455284256	960133302.0
230	rs13195401		26463346.0	6.0	6e-87		198.5331436212539	960173316.0
231	rs13198716		26581807.0	6.0	1e-31		71.38013788281542	960291777.0
233	rs1425018091		26732200.0	6.0	1.9999999999999997e-28		63.779235423273335	960442170.0
236	rs71557351		26835246.0	6.0	5e-11		23.7189981105004	960545216.0
237	rs71206067		26935600.0	6.0	1e-31		71.38013788281542	960645570.0
239	rs13207365		27063201.0	6.0	2.9999999999999997e-96		219.94955663876027	960773171.0
240	rs55834529		27104763.0	6.0	7e-32		71.73681282675415	960814733.0
241	rs35768595		27174125.0	6.0	9.000000000000001e-87		198.12767851314572	960884095.0
242	rs72839445		27281907.0	6.0	7e-33		74.0393979197482	960991877.0
243	rs34196306		27457865.0	6.0	1.9999999999999998e-32		72.98957579524952	961167835.0
244	rs6904596		27523520.0	6.0	2e-96		220.35502174686843	961233490.0
245	rs888169813		27559448.0	6.0	2.0000000000000003e-34		77.59474598123761	961269418.0
246	rs35715914		27624224.0	6.0	4e-90		205.8463640083442	961334194.0
247	rs35927079		27700521.0	6.0	4e-33		74.59901370768361	961410491.0
248	rs13202295		27731058.0	6.0	5.999999999999995e-91		207.7434839932301	961441028.0
249	rs13195728		27803328.0	6.0	6e-34		76.4961336925695	961513298.0
250	rs1170010108		27883876.0	6.0	2e-102		234.1705323048327	961593846.0
251	rs34788973		27911422.0	6.0	2e-35		79.89733107423166	961621392.0
252	rs71559067		28026638.0	6.0	3e-94		215.3443864527722	961736608.0
253	rs35952432		28107123.0	6.0	5e-36		81.28362543535154	961817093.0
254	rs13217984		28171932.0	6.0	7e-95		216.79967368537905	961881902.0
255	rs13205211		28235278.0	6.0	5.0000000000000005e-37		83.58621052834559	961945248.0
256	rs13191786		28309894.0	6.0	2.9999999999999998e-92		210.7392162667841	962019864.0
257	rs13198809		28355925.0	6.0	4.0000000000000004e-39		88.41452426564788	962065895.0
258	rs398110012		28429899.0	6.0	8e-94		214.3635571997605	962139869.0
259	rs34676049		28485841.0	6.0	4.0000000000000004e-39		88.41452426564788	962195811.0
260	rs35044849		28699892.0	6.0	2.9999999999999997e-96		219.94955663876027	962409862.0
261	rs35243068		28705657.0	6.0	4e-41		93.01969445163598	962415627.0
262	rs3131337		28828294.0	6.0	4e-117		268.01616151918347	962538264.0
263	rs3131071		28939145.0	6.0	7e-43		97.06524884968866	962649115.0
265	rs1259270189		29051468.0	6.0	2.9999999999999996e-42		95.6099616170818	962761438.0
266	rs114631266	6p22.1	29058810.0	6.0	2e-06	OR2W1 - OR2P1P	13.122363377404328	962768780.0
267	rs866264659		29100913.0	6.0	4e-99		226.56962984529065	962810883.0
268	rs3130831		29215110.0	6.0	9e-99		225.7586996290743	962925080.0
269	rs3117342		29238474.0	6.0	6e-43		97.21939952951593	962948444.0
270	rs9257809		29388554.0	6.0	6e-45		101.824569715504	963098524.0
272	rs1233488		29499942.0	6.0	2e-43		98.31801181818402	963209912.0
273	rs413670		29558785.0	6.0	7e-108		246.73327989430163	963268755.0
274	rs3131856		29639324.0	6.0	3.9999999999999995e-42		95.32227954463002	963349294.0
275	rs430133		29683408.0	6.0	2.0000000000000002e-60		137.4619583990828	963393378.0
276	rs9258375		29785031.0	6.0	5e-42		95.0991359933158	963495001.0
278	rs2471863	6p22.1	29931850.0	6.0	8e-07	HLA-K - HLA-U	14.038654109278484	963641820.0
279	rs9260151	6p22.1	29943253.0	6.0	8e-08	HLA-A, HLA-A, HLA-A, HLA-A	16.34123920227253	963653223.0
280	rs34941730	6p22.1	29946109.0	6.0	2e-09	HLA-A - HLA-W	20.030118656386467	963656079.0
281	rs9260324		29949300.0	6.0	2e-44		100.62059691117808	963659270.0
282	rs3115631		30018547.0	6.0	2.9999999999999996e-42		95.6099616170818	963728517.0
283	rs8321		30064745.0	6.0	2e-113		259.4989683277672	963774715.0
284	rs2523989	6p22.1	30110498.0	6.0	2e-08	TRIM31, TRIM31, TRIM31, TRIM31, TRIM31, TRIM31, TRIM31, TRIM31-AS1, TRIM31-AS1, TRIM31-AS1, TRIM31-AS1, TRIM31-AS1, TRIM31-AS1, TRIM31-AS1	17.72753356339242	963820468.0
286	rs61211515	6p22.1	30133199.0	6.0	2e-06	TRIM31-AS1 - TRIM40	13.122363377404328	963843169.0
287	rs1970		30157766.0	6.0	1e-51		117.43183974269633	963867736.0
288	rs2517609		30202510.0	6.0	4e-125		286.4368422631358	963912480.0
289	rs3094067		30331468.0	6.0	2e-47		107.5283521901602	964041438.0
290	rs45626136	6p22.1	30345252.0	6.0	1e-06	RPP21, RPP21, RPP21, RPP21, RPP21, RPP21, TRIM39-RPP21	13.815510557964274	964055222.0
291	rs3094053		30387407.0	6.0	2e-151		346.99720186154093	964097377.0
292	rs3132645		30441472.0	6.0	1e-52		119.73442483569038	964151442.0
293	rs1222508183		30569095.0	6.0	4e-132		302.5549379140941	964279065.0
294	rs3132610		30576624.0	6.0	1e-57		131.2473503006606	964286594.0
295	rs9262143		30685004.0	6.0	2e-133		305.5506701876481	964394974.0
296	rs3130658		30733315.0	6.0	7e-56		126.99885505861124	964443285.0
297	rs1405122185		30801949.0	6.0	1.0000000000000001e-271		624.0005602013864	964511919.0
298	rs886424	6p21.33	30814225.0	6.0	3e-14	LINC00243	31.13757901324853	964524195.0
299	rs2517578		30843488.0	6.0	2e-62		142.0671285850709	964553458.0
300	rs116020851	6p21.33	30954755.0	6.0	3e-07	HCG21, HCG21, HCG21, HCG21, HCG21, SFTA2, SFTA2, SFTA2, SFTA2, SFTA2, SFTA2	15.01948336229021	964664725.0
301	rs1462821813		30964532.0	6.0	2.0000000000000003e-202		464.4290416042373	964674502.0
302	rs1632863		31000992.0	6.0	2e-64		146.672298771059	964710962.0
303	rs1265057	6p21.33	31110838.0	6.0	2e-06	RNU6-1133P - C6orf15	13.122363377404328	964820808.0
304	rs3130985		31117579.0	6.0	6e-72		163.99436722634323	964827549.0
305	rs3094669		31135418.0	6.0	2e-219		503.57298818513607	964845388.0
306	rs116763857	6p21.33	31173705.0	6.0	1e-14	POU5F1, POU5F1	32.23619130191664	964883675.0
307	rs1793894		31229085.0	6.0	2.0000000000000002e-75		172.00073479399347	964939055.0
308	rs6930376		31275040.0	6.0	1.9999999999999999e-286		657.8461894157372	964985010.0
309	rs9264758	6p21.33	31280657.0	6.0	3e-07	RPL3P2, RPL3P2, RPL3P2, RPL3P2, RPL3P2, RPL3P2	15.01948336229021	964990627.0
311	rs2524054	6p21.33	31284619.0	6.0	6e-21	RPL3P2 - WASF5P	46.5625274836469	964994589.0
312	rs1451199489		31348918.0	6.0	9e-76		172.79924249021124	965058888.0
313	rs2523466		31395249.0	6.0	3e-279		641.3226286566706	965105219.0
314	rs2251396	6p21.33	31396930.0	6.0	1e-22	HLA-S - MICA	50.65687204586901	965106900.0
315	rs9501130	6p21.33	31449679.0	6.0	2e-11	LINC01149 - HCP5	24.63528884237456	965159649.0
316	rs3130614		31508681.0	6.0	3e-80		183.10819515085555	965218651.0
317	rs2516491		31517324.0	6.0	2e-308		708.5030614616061	965227294.0
318	rs3093664	6p21.33	31576865.0	6.0	3e-07	TNF, TNF, TNF, TNF, TNF, TNF	15.01948336229021	965286835.0
319	rs2857595	6p21.33	31600692.0	6.0	2.0000000000000002e-23	NCR3 - UQCRHP1	52.266309958303104	965310662.0
320	rs3132450		31628361.0	6.0	3e-89		203.831460987802	965338331.0
321	rs11229		31635993.0	6.0	1e-302		695.3806980842018	965345963.0
323	rs376621269		31799896.0	6.0	2e-90		206.53951118890416	965509866.0
324	rs558702		31902549.0	6.0	9e-92		209.640603978116	965612519.0
325	rs1270942	6p21.33	31951083.0	6.0	5e-25	CFB, CFB, CFB, CFB, CFB, CFB	55.95518941241704	965661053.0
327	rs1150757		32061428.0	6.0	7e-285		654.2908413542477	965771398.0
328	rs1150752		32096949.0	6.0	1e-90		207.2326583694641	965806919.0
329	rs3130297		32231204.0	6.0	4e-106		242.68772549624896	965941174.0
330	rs869165433		32234432.0	6.0	1.0000000000000001e-305		702.288453363184	965944402.0
331	rs3134938	6p21.32	32238711.0	6.0	8e-07	NOTCH4 - TSBP1-AS1	14.038654109278484	965948681.0
332	rs1265757		32334605.0	6.0	4e-102		233.4773851242728	966044575.0
333	rs926592	6p21.32	32337881.0	6.0	6e-06	TSBP1-AS1, TSBP1, TSBP1, TSBP1, TSBP1	12.02375108873622	966047851.0
334	rs1980493	6p21.32	32395438.0	6.0	2e-20	TSBP1-AS1, BTNL2, BTNL2, BTNL2, BTNL2	45.35855467932097	966105408.0
335	rs3806155		32405601.0	6.0	4e-308		707.8099142810462	966115571.0
336	rs3135365	6p21.32	32421478.0	6.0	9e-06	TSBP1-AS1 - HLA-DRA	11.618285980628055	966131448.0
337	rs9268576	6p21.32	32427864.0	6.0	2e-08	TSBP1-AS1 - HLA-DRA	17.72753356339242	966137834.0
338	rs9268645	6p21.32	32440750.0	6.0	1e-100	HLA-DRA, HLA-DRA, HLA-DRA, HLA-DRA, HLA-DRA	230.25850929940455	966150720.0
339	rs9269032		32469977.0	6.0	4e-108		247.29289568223703	966179947.0
340	rs138748427	6p21.32	32516743.0	6.0	3e-09	HLA-DRB9 - HLA-DRB5	19.624653548278303	966226713.0
341	rs71549272		32535377.0	6.0	2e-306		703.897891275618	966245347.0
342	rs35477995		32596935.0	6.0	3e-28		63.37377031516517	966306905.0
343	rs7760731	6p21.32	32615624.0	6.0	6e-11	HLA-DRB1 - HLA-DQA1	23.53667655370645	966325594.0
344	rs9272346	6p21.32	32636595.0	6.0	6e-129	HLA-DQA1	295.24171752700386	966346565.0
346	rs9273363	6p21.32	32658495.0	6.0	5e-138	HLA-DQA1 - HLA-DQB1	316.1473049207442	966368465.0
347	rs9273367	6p21.32	32658661.0	6.0	6e-306	HLA-DQA1 - HLA-DQB1	702.79927898695	966368631.0
348	rs1770	6p21.32	32660056.0	6.0	2e-232	HLA-DQB1, HLA-DQB1, HLA-DQB1, HLA-DQB1, HLA-DQB1, HLA-DQB1, HLA-DQB1-AS1, HLA-DQB1-AS1, HLA-DQB1-AS1, HLA-DQB1-AS1, HLA-DQB1-AS1, HLA-DQB1-AS1	533.5065943940587	966370026.0
349	rs28746946		32684938.0	6.0	2e-308		708.5030614616061	966394908.0
350	rs1794282		32698749.0	6.0	7e-110		251.3384500802897	966408719.0
351	rs9275358	6p21.32	32700118.0	6.0	3e-07	HLA-DQB1 - MTCO3P1	15.01948336229021	966410088.0
352	rs2647044	6p21.32	32700133.0	6.0	1e-16	HLA-DQB1 - MTCO3P1	36.841361487904734	966410103.0
354	rs3135002	6p21.32	32700662.0	6.0	7e-08	HLA-DQB1 - MTCO3P1	16.474770594897052	966410632.0
355	rs35122968	6p21.32	32714422.0	6.0	4e-11	MTCO3P1 - HLA-DQB3	23.942141661814613	966424392.0
356	rs3997848	6p21.32	32714617.0	6.0	2e-14	MTCO3P1 - HLA-DQB3	31.543044121356694	966424587.0
357	rs1257631742		32809144.0	6.0	9e-89		202.73284869913385	966519114.0
358	rs1015166	6p21.32	32830954.0	6.0	4e-22	TAP2, TAP2, TAP2, TAP2, TAP2, TAP2	49.27057768474912	966540924.0
359	rs241427	6p21.32	32836637.0	6.0	4e-06	TAP2, TAP2, TAP2, TAP2, TAP2, TAP2	12.429216196844385	966546607.0
360	rs3819720		32836793.0	6.0	9.000000000000001e-273		626.4085058100383	966546763.0
361	rs4148870	6p21.32	32838614.0	6.0	2e-06	TAP2, TAP2, TAP2, TAP2, TAP2, TAP2	13.122363377404328	966548584.0
362	rs56098412		32911694.0	6.0	6e-63		143.27110138939682	966621664.0
363	rs17214290		33020111.0	6.0	1e-12		27.631021115928547	966730081.0
364	rs3128930	6p21.32	33107889.0	6.0	7e-06	COL11A2P1 - HLA-DPB2	11.86960040890896	966817859.0
365	rs4713614		33160210.0	6.0	2e-151		346.99720186154093	966870180.0
366	rs2855448		33168798.0	6.0	3e-16		35.74274919923662	966878768.0
367	rs72887765		33301993.0	6.0	3e-09		19.624653548278303	967011963.0
368	rs115337486		33387741.0	6.0	2e-108		247.98604286279695	967097711.0
369	rs113196564		33464895.0	6.0	3e-10		21.927238641272343	967174865.0
370	rs150420498		33489728.0	6.0	2e-108		247.98604286279695	967199698.0
371	rs116647495		33647094.0	6.0	4e-08		17.034386382832476	967357064.0
373	rs138181578	6p21.1	45758094.0	6.0	7e-07	RUNX2 - NA	14.172185501903009	979468064.0
374	rs567939777		46032617.0	6.0	9e-06		11.618285980628055	979742587.0
376	rs78824139	6q12	64748694.0	6.0	9e-06	EYS	11.618285980628055	998458664.0
377	rs17711850	6q15	90155151.0	6.0	2e-09	BACH2	20.030118656386467	1023865121.0
378	rs3757247	6q15	90247744.0	6.0	1e-06	BACH2	13.815510557964274	1023957714.0
382	rs11755527	6q15	90248512.0	6.0	1e-06	BACH2	13.815510557964274	1023958482.0
384	rs72928038	6q15	90267049.0	6.0	1e-11	BACH2	25.328436022934504	1023977019.0
385	rs9354144	6q16.1	94847753.0	6.0	6e-06		12.02375108873622	1028557723.0
386	rs2045258	6q22.32	126353208.0	6.0	2e-09	CENPW - NA	20.030118656386467	1060063178.0
387	rs9388489	6q22.32	126377573.0	6.0	4e-13	CENPW - NA	28.547311847802703	1060087543.0
388	rs1578060	6q22.32	126391101.0	6.0	2e-06	CENPW - MIR588	13.122363377404328	1060101071.0
389	rs1538171	6q22.32	126431738.0	6.0	7e-10	CENPW - MIR588	21.079940780885146	1060141708.0
390	rs62425513		127756593.0	6.0	4e-08		17.034386382832476	1061466563.0
391	rs12665429	6q23.3	137682468.0	6.0	1e-13	NA - LINC02539	29.933606208922598	1071392438.0
393	rs6931865	6q24.2	143758717.0	6.0	4e-06	PHACTR2	12.429216196844385	1077468687.0
394	rs212408	6q25.3	159049210.0	6.0	1e-15	TAGAP-AS1	34.538776394910684	1092759180.0
396	rs73043122	6q27	166969779.0	6.0	4e-06	RNASET2 - MIR3939	12.429216196844385	1100679749.0
397	rs924043	6q27	170063801.0	6.0	8e-09		18.643824295266576	1103773771.0
398	rs10258381	7p21.3	10057028.0	7.0	5e-06		12.206072645530174	1113830799.0
399	rs6461299	7p21.1	17147155.0	7.0	2e-06	AHR	13.122363377404328	1120920926.0
400	rs7805218	7p21.1	20339178.0	7.0	9e-09	ITGB8	18.526041259610192	1124112949.0
401	rs17143056	7p21.1	20557306.0	7.0	2e-08	NA - EEF1A1P27	17.72753356339242	1124331077.0
403	rs7804356	7p15.2	26852046.0	7.0	5e-09	SKAP2	19.11382792451231	1130625817.0
404	rs10245867	7p15.1	28102567.0	7.0	3e-08	JAZF1	17.322068455284256	1131876338.0
406	rs550448	7p15.1	28189423.0	7.0	5e-07	JAZF1-AS1	14.50865773852422	1131963194.0
407	rs10255565	7p13	43408191.0	7.0	1e-06	HECW1	13.815510557964274	1147181962.0
409	rs62461371		44959149.0	7.0	1e-10		23.025850929940457	1148732920.0
410	rs534191848		48863732.0	7.0	5e-08		16.811242831518264	1152637503.0
411	rs62447205	7p12.2	50398132.0	7.0	3e-08	IKZF1	17.322068455284256	1154171903.0
412	rs7780389	7p12.1	50947496.0	7.0	6e-09	NA - COBL	18.93150636771836	1154721267.0
413	rs4263714	7p12.1	50955790.0	7.0	4e-06	NA - COBL	12.429216196844385	1154729561.0
414	rs4948088	7p12.1	50959497.0	7.0	4e-08	NA - COBL	17.034386382832476	1154733268.0
415	rs10277986	7p12.1	50961290.0	7.0	1e-07	NA - COBL	16.11809565095832	1154735061.0
416	rs7795896	7q31.2	117446559.0	7.0	2e-16	CFTR	36.14821430734479	1221220330.0
417	rs148505224		117532167.0	7.0	2e-08		17.72753356339242	1221305938.0
418	rs3757787	7q32.1	127618330.0	7.0	1e-08	PAX4 - SND1	18.420680743952367	1231392101.0
420	rs77768351		129944187.0	7.0	8e-09		18.643824295266576	1233717958.0
421	rs62489382		129949957.0	7.0	5e-12		26.021583203494448	1233723728.0
422	rs7460469	8p23.1	11169932.0	8.0	1e-08	XKR6	18.420680743952367	1244893660.0
423	rs2250903	8p23.1	11877675.0	8.0	1e-10	CTSB - OR7E158P	23.025850929940457	1245601403.0
425	rs2410601	8p22	19065067.0	8.0	4e-06	PSD3	12.429216196844385	1252788795.0
426	rs188998530		20451062.0	8.0	8e-09		18.643824295266576	1254174790.0
428	rs1586135813		56693303.0	8.0	3e-08		17.322068455284256	1290417031.0
429	rs1947178	8q12.1	58959618.0	8.0	2e-09	TOX	20.030118656386467	1292683346.0
430	rs571622299	8q21.11	72930288.0	8.0	6e-06	KCNB2	12.02375108873622	1306654016.0
431	rs575681391		76353999.0	8.0	4e-06		12.429216196844385	1310077727.0
433	rs12679857	8q24.12	118965098.0	8.0	4e-07	TNFRSF11B - RNU6-12P	14.73180128983843	1352688826.0
434	rs13259300	8q24.12	119070702.0	8.0	3e-10	COLEC10	21.927238641272343	1352794430.0
435	rs4871297	8q24.13	122693916.0	8.0	2e-06	LINC01151	13.122363377404328	1356417644.0
436	rs35766765	8q24.22	132775726.0	8.0	3e-06	PHF20L1	12.716898269296165	1366499454.0
437	rs3802214	8q24.3	140606084.0	8.0	3e-08	AGO2	17.322068455284256	1374329812.0
438	rs6476839	9p24.2	4290823.0	9.0	1e-09	GLIS3	20.72326583694641	1378620635.0
439	rs7020673	9p24.2	4291747.0	9.0	5e-12	GLIS3	26.021583203494448	1378621559.0
440	rs10974438	9p24.2	4291928.0	9.0	1e-06	GLIS3	13.815510557964274	1378621740.0
441	rs10758593	9p24.2	4292083.0	9.0	3e-06	GLIS3	12.716898269296165	1378621895.0
442	rs74629033	9p24.1	5421234.0	9.0	5e-06	PLGRKT	12.206072645530174	1379751046.0
443	rs1396962964		5703334.0	9.0	5e-08		16.811242831518264	1380033146.0
445	rs10961433	9p22.3	14228472.0	9.0	2e-06	NFIB	13.122363377404328	1388558284.0
447	rs224009		20324372.0	9.0	3e-09		19.624653548278303	1394654184.0
448	rs1970112	9p21.3	22085599.0	9.0	1e-08	CDKN2B-AS1	18.420680743952367	1396415411.0
449	rs10811662	9p21.3	22134254.0	9.0	1e-10	CDKN2B-AS1 - DMRTA1	23.025850929940457	1396464066.0
450	rs143723948	9p13.2	37034098.0	9.0	6e-07	PAX5	14.326336181730264	1411363910.0
451	rs12344245	9q21.12	69340801.0	9.0	9e-06	FAM189A2	11.618285980628055	1443670613.0
453	rs72739842		71822481.0	9.0	5e-08		16.811242831518264	1446152293.0
454	rs1405209	9q31.1	99823263.0	9.0	3e-08	NR4A3, STX17-AS1	17.322068455284256	1474153075.0
456	rs4837404	9q34.11	129743380.0	9.0	5e-06	PTGES	12.206072645530174	1504073192.0
457	rs541856133	9q34.13	133060938.0	9.0	4e-17	GTF3C5 - CEL	37.75765221977888	1507390750.0
458	rs657152	9q34.2	133263862.0	9.0	1e-13	ABO, ABO	29.933606208922598	1507593674.0
460	rs61839660	10p15.1	6052734.0	10.0	5e-09	IL2RA	19.11382792451231	1513646408.0
461	rs12722495	10p15.1	6055320.0	10.0	1e-38	IL2RA	87.49823353377374	1513648994.0
462	rs706779	10p15.1	6056861.0	10.0	3e-08	IL2RA	17.322068455284256	1513650535.0
463	rs3118470	10p15.1	6059750.0	10.0	1e-10	IL2RA	23.025850929940457	1513653424.0
464	rs10795791	10p15.1	6066377.0	10.0	6e-11	IL2RA - RPL32P23	23.53667655370645	1513660051.0
465	rs72776098	10p15.1	6074291.0	10.0	6e-09	RPL32P23 - RBM17	18.93150636771836	1513667965.0
467	rs12251307	10p15.1	6081532.0	10.0	2e-06	RPL32P23 - RBM17	13.122363377404328	1513675206.0
468	rs41295121	10p15.1	6087680.0	10.0	5e-08	RPL32P23 - RBM17	16.811242831518264	1513681354.0
469	rs947474	10p15.1	6348488.0	10.0	4e-09	LINC02649	19.33697147582652	1513942162.0
470	rs11258747	10p15.1	6430929.0	10.0	1e-07	PRKCQ	16.11809565095832	1514024603.0
471	rs3802604	10p14	8060309.0	10.0	2e-08	GATA3	17.72753356339242	1515653983.0
472	rs537544	10p14	8066419.0	10.0	9e-09	GATA3	18.526041259610192	1515660093.0
473	rs117826205	10p12.31	19168458.0	10.0	6e-06	MALRD1	12.02375108873622	1526762132.0
474	rs722988	10p11.22	33137219.0	10.0	3e-15	IATPR - NRP1	33.44016410624258	1540730893.0
476	rs1816797		60664647.0	10.0	2e-08		17.72753356339242	1568258321.0
477	rs78325861	10q22.1	70618733.0	10.0	2e-11	PRF1 - ADAMTS14	24.63528884237456	1578212407.0
478	rs10509540	10q23.31	88263276.0	10.0	9.999999999999999e-29	NA - RNLS	64.47238260383328	1595856950.0
480	rs12416116	10q23.31	88275897.0	10.0	7e-12	RNLS	25.68511096687324	1595869571.0
481	rs10788599	10q23.31	88428167.0	10.0	1e-06	RNLS	13.815510557964274	1596021841.0
482	rs1326934	10q24.1	95524324.0	10.0	6e-07	SORBS1	14.326336181730264	1603117998.0
483	rs10786436	10q24.2	98540425.0	10.0	8e-07	HPSE2	14.038654109278484	1606134099.0
484	rs7903146	10q25.2	112998590.0	10.0	1e-14	TCF7L2	32.23619130191664	1620592264.0
485	rs544143586		120940685.0	10.0	2e-08		17.72753356339242	1628534359.0
486	rs113306148	10q26.13	122400322.0	10.0	3e-06	PLEKHA1	12.716898269296165	1629993996.0
488	rs10829984		131361823.0	10.0	2e-08		17.72753356339242	1638955497.0
489	rs78896587	11p15.5	2055620.0	11.0	1e-09	H19 - IGF2	20.72326583694641	1641011117.0
490	rs4244808	11p15.5	2141880.0	11.0	4e-27	INS-IGF2, IGF2-AS	60.783503149719344	1641097377.0
491	rs4366464	11p15.5	2143569.0	11.0	1e-09	IGF2-AS, INS-IGF2	20.72326583694641	1641099066.0
492	rs3741208	11p15.5	2148544.0	11.0	2e-07	INS-IGF2, IGF2-AS	15.424948470398377	1641104041.0
493	rs1004446	11p15.5	2148913.0	11.0	4e-09	INS-IGF2	19.33697147582652	1641104410.0
495	rs3842753	11p15.5	2159830.0	11.0	8e-44	INS, INS-IGF2	99.23430255005816	1641115327.0
497	rs689	11p15.5	2160994.0	11.0	1e-06	INS-IGF2, INS	13.815510557964274	1641116491.0
502	rs3842727	11p15.5	2163618.0	11.0	6e-06	INS - TH	12.02375108873622	1641119115.0
504	rs4929965	11p15.5	2176056.0	11.0	2e-31	MIR4686 - ASCL2	70.68699070225547	1641131553.0
505	rs72853903	11p15.5	2177435.0	11.0	6e-10	MIR4686 - ASCL2	21.234091460712403	1641132932.0
506	rs7111341	11p15.5	2191936.0	11.0	4e-48	MIR4686 - ASCL2	109.13779010259432	1641147433.0
507	rs7937915	11p15.5	2193158.0	11.0	4e-79	MIR4686 - ASCL2	180.51792798540973	1641148655.0
508	rs10831551	11p15.5	2217058.0	11.0	5e-06	MIR4686 - ASCL2	12.206072645530174	1641172555.0
509	rs2237897	11p15.4	2837316.0	11.0	2e-08	KCNQ1, KCNQ1	17.72753356339242	1641792813.0
510	rs140215710	11p15.4	2881830.0	11.0	4e-08	KCNQ1DN - CDKN1C	17.034386382832476	1641837327.0
511	rs61879614	11p15.4	8058878.0	11.0	3e-06	TUB	12.716898269296165	1647014375.0
512	rs4638289		18264227.0	11.0	4e-09		19.33697147582652	1657219724.0
513	rs7128060		18269981.0	11.0	3e-39		88.70220633809967	1657225478.0
514	rs190446914		33955292.0	11.0	2e-09		20.030118656386467	1672910789.0
515	rs11033048	11p13	35267496.0	11.0	2e-10	SLC1A2	22.33270374938051	1674222993.0
517	rs79538630	11q12.2	60961822.0	11.0	1e-09	SLC15A3 - CD6	20.72326583694641	1699917319.0
519	rs968567	11q12.2	61828092.0	11.0	8e-09	FADS1, FADS2	18.643824295266576	1700783589.0
521	rs645078	11q13.1	64367826.0	11.0	3e-09	RPS6KA4	19.624653548278303	1703323323.0
524	rs312024		68326963.0	11.0	1e-09		20.72326583694641	1707282460.0
525	rs4084127	11q13.3	69781755.0	11.0	3e-06	FGF4 - FGF3	12.716898269296165	1708737252.0
526	rs7936434	11q13.5	76582761.0	11.0	4e-08	EMSY - LINC02757	17.034386382832476	1715538258.0
527	rs188260549		78403273.0	11.0	5e-09		19.11382792451231	1717358770.0
528	rs10625784	11q22.3	106323171.0	11.0	8e-07		14.038654109278484	1745278668.0
529	rs607703	11q24.3	128734279.0	11.0	1e-10	FLI1	23.025850929940457	1767689776.0
530	rs605093	11q24.3	128734337.0	11.0	4e-09	FLI1	19.33697147582652	1767689834.0
532	rs1805731	12p13.31	8942630.0	12.0	4e-08	M6PR	17.034386382832476	1776632464.0
534	rs7301381	12p13.31	8971336.0	12.0	5e-11	KLRG1	23.7189981105004	1776661170.0
535	rs3764021	12p13.31	9681032.0	12.0	5e-08	CLEC2D	16.811242831518264	1777370866.0
536	rs11052552	12p13.31	9703362.0	12.0	7e-07	CLEC2D - LINC02390	14.172185501903009	1777393196.0
537	rs917911	12p13.31	9753255.0	12.0	2e-07	CD69	15.424948470398377	1777443089.0
538	rs4763879	12p13.31	9757568.0	12.0	2e-11	CD69	24.63528884237456	1777447402.0
539	rs7313065	12q13.13	53077434.0	12.0	3e-09	SPRYD3	19.624653548278303	1820767268.0
541	rs705699	12q13.2	55991020.0	12.0	7e-20	RAB5B	44.1057917108256	1823680854.0
542	rs1701704	12q13.2	56018703.0	12.0	9e-10	IKZF4	20.82862635260424	1823708537.0
544	rs705705	12q13.2	56041720.0	12.0	3.9999999999999997e-32	RPS26	72.29642861468957	1823731554.0
545	rs10876866	12q13.2	56051582.0	12.0	3e-08	RPS26 - ERBB3	17.322068455284256	1823741416.0
546	rs11171739	12q13.2	56076841.0	12.0	1e-11	ERBB3	25.328436022934504	1823766675.0
550	rs2292239	12q13.2	56088396.0	12.0	3e-16	ERBB3	35.74274919923662	1823778230.0
552	rs17178006		65324519.0	12.0	1e-06		13.815510557964274	1833014353.0
555	rs2255593		65543332.0	12.0	7e-09		18.7773556878911	1833233166.0
557	rs2250519		65644210.0	12.0	7e-10		21.079940780885146	1833334044.0
558	rs1265564	12q24.11	111270654.0	12.0	1e-16	CUX2	36.841361487904734	1878960488.0
559	rs3184504	12q24.12	111446804.0	12.0	4e-07	ATXN2, SH2B3	14.73180128983843	1879136638.0
564	rs653178	12q24.12	111569952.0	12.0	2e-44	ATXN2	100.62059691117808	1879259786.0
567	rs17696736	12q24.13	112049014.0	12.0	2e-14	NAA25	31.543044121356694	1879738848.0
568	rs614226	12q24.31	120536707.0	12.0	2e-06	RNF10	13.122363377404328	1888226541.0
569	rs7300146	12q24.33	128888528.0	12.0	1e-08	GLT1D1	18.420680743952367	1896578362.0
570	rs74537115	13q14.11	42343795.0	13.0	5e-09	LINC02341	19.11382792451231	1938922157.0
572	rs238265	13q14.11	42356523.0	13.0	2e-09	LINC02341	20.030118656386467	1938934885.0
573	rs539514	13q22.2	75752146.0	13.0	6e-11	LMO7	23.53667655370645	1972330508.0
574	rs9585056	13q32.3	99429512.0	13.0	3e-08	CCR12P - TM9SF2	17.322068455284256	1996007874.0
575	rs188683350		21746775.0	14.0	3e-09		19.624653548278303	2017754649.0
576	rs11157552		22383427.0	14.0	8e-13		27.85416466724276	2018391301.0
577	rs4389079		22390463.0	14.0	1e-08		18.420680743952367	2018398337.0
578	rs10137082	14q11.2	23370824.0	14.0	6e-06	EFS - IL25	12.02375108873622	2019378698.0
579	rs55846421	14q21.3	49843683.0	14.0	2e-09	NEMF	20.030118656386467	2045851557.0
580	rs878889	14q22.3	56754421.0	14.0	8e-07	NA - OTX2	14.038654109278484	2052762295.0
581	rs911263	14q24.1	68286876.0	14.0	3e-08	RAD51B	17.322068455284256	2064294750.0
583	rs1465788	14q24.1	68796882.0	14.0	2e-12	ZFP36L1 - MAGOH3P	26.937873935368604	2064804756.0
584	rs148758429		96458513.0	14.0	9e-07		13.9208710736221	2092466387.0
586	rs1456988	14q32.2	98021670.0	14.0	3e-08	LINC01550 - NA	17.322068455284256	2094029544.0
587	rs4900384	14q32.2	98032614.0	14.0	4e-09	LINC01550 - NA	19.33697147582652	2094040488.0
588	rs941576	14q32.2	100839708.0	14.0	1e-10	MEG3	23.025850929940457	2096847582.0
589	rs56994090	14q32.2	100840110.0	14.0	1e-11	MEG3	25.328436022934504	2096847984.0
591	rs77081773		27596077.0	15.0	2e-08		17.72753356339242	2124444061.0
592	rs8035957	15q14	38546063.0	15.0	4e-06	RASGRP1	12.429216196844385	2135394047.0
593	rs72727394	15q14	38554821.0	15.0	4e-10	RASGRP1	21.639556568820566	2135402805.0
594	rs7171171	15q14	38614840.0	15.0	2e-07	RASGRP1 - LINC02694	15.424948470398377	2135462824.0
595	rs182087948		46441258.0	15.0	4e-09		19.33697147582652	2143289242.0
596	rs79237700	15q21.3	53449415.0	15.0	2e-06	LINC02490 - WDR72	13.122363377404328	2150297399.0
597	rs188453055		74624584.0	15.0	2e-06		13.122363377404328	2171472568.0
600	rs34593439	15q25.1	78942615.0	15.0	1e-11	CTSH	25.328436022934504	2175790599.0
601	rs3825932	15q25.1	78943104.0	15.0	8e-08	CTSH	16.34123920227253	2175791088.0
603	rs7167984	15q26.1	93288838.0	15.0	3e-08	RGMA - SEPHS1P2	17.322068455284256	2190136822.0
604	rs12437854	15q26.1	93598604.0	15.0	2e-09		20.030118656386467	2190446588.0
605	rs9934817	16p13.3	6086218.0	16.0	8e-06	RBFOX1	11.736069016284436	2196532806.0
607	rs74956101		9864106.0	16.0	9e-10		20.82862635260424	2200310694.0
611	rs12708716	16p13.13	11086016.0	16.0	5e-07	CLEC16A	14.50865773852422	2201532604.0
613	rs12927355	16p13.13	11100914.0	16.0	3e-22	CLEC16A	49.558259757200894	2201547502.0
614	rs741172	16p13.13	11106941.0	16.0	2e-16	CLEC16A	36.14821430734479	2201553529.0
615	rs2903692	16p13.13	11144926.0	16.0	7e-11	CLEC16A	23.38252587387919	2201591514.0
616	rs193778	16p13.13	11257354.0	16.0	4e-10	RMI2	21.639556568820566	2201703942.0
617	rs416603	16p13.13	11270222.0	16.0	3e-06	RMI2	12.716898269296165	2201716810.0
618	rs12444268	16p12.3	20331250.0	16.0	2e-07	GP2 - UMOD	15.424948470398377	2210777838.0
619	rs4238595	16p12.3	20331769.0	16.0	2e-11	GP2 - UMOD	24.63528884237456	2210778357.0
622	rs1110458	16p12.2	22969144.0	16.0	8e-06	HS3ST2 - USP31	11.736069016284436	2213415732.0
624	rs151234	16p12.1	28494339.0	16.0	1e-10	CLN3	23.025850929940457	2218940927.0
626	rs4788084	16p11.2	28528527.0	16.0	1e-08	IL27 - NUPR1	18.420680743952367	2218975115.0
627	rs562286756		51887655.0	16.0	2e-09		20.030118656386467	2242334243.0
628	rs113935429	16q12.2	53788258.0	16.0	1e-08	FTO	18.420680743952367	2244234846.0
629	rs187229894		61597297.0	16.0	8e-09		18.643824295266576	2252043885.0
630	rs117426660		73991175.0	16.0	2e-08		17.72753356339242	2264437763.0
631	rs72802342	16q23.1	75200974.0	16.0	6e-10	ZFP1 - CTRB2	21.234091460712403	2265647562.0
632	rs7202877	16q23.1	75213347.0	16.0	3e-15	CTRB2 - CTRB1	33.44016410624258	2265659935.0
633	rs7202844	16q23.1	75213493.0	16.0	2e-20	CTRB2 - CTRB1	45.35855467932097	2265660081.0
634	rs8056814	16q23.1	75218429.0	16.0	3e-19	CTRB2 - CTRB1	42.65050447821876	2265665017.0
635	rs8046043	16q23.2	80250127.0	16.0	2e-08		17.72753356339242	2270696715.0
636	rs34319244	17p13.2	4424870.0	17.0	3e-06	UBE2G1 - SPNS3	12.716898269296165	2275121585.0
637	rs61759532	17p13.1	7337072.0	17.0	2e-10	ACAP1	22.33270374938051	2278033787.0
638	rs16956936	17p13.1	7730374.0	17.0	5e-07	DNAH2	14.50865773852422	2278427089.0
639	rs2941522	17q12	39754115.0	17.0	7e-09	GRB7 - IKZF3	18.7773556878911	2310450830.0
640	rs2872507	17q21.1	39884510.0	17.0	2e-06	ZPBP2 - GSDMB	13.122363377404328	2310581225.0
641	rs12453507	17q21.1	39896954.0	17.0	1e-08	ZPBP2 - GSDMB	18.420680743952367	2310593669.0
642	rs2290400	17q21.1	39909987.0	17.0	6e-13	GSDMB	28.14184673969454	2310606702.0
643	rs56380902	17q21.1	39910119.0	17.0	1e-08	GSDMB	18.420680743952367	2310606834.0
644	rs7221109	17q21.2	40614034.0	17.0	1e-09	CCR7 - SMARCE1	20.72326583694641	2311310749.0
645	rs757411	17q21.2	40618898.0	17.0	1e-07	CCR7 - SMARCE1	16.11809565095832	2311315613.0
646	rs1052553	17q21.31	45996523.0	17.0	8e-08	MAPT, MAPT, MAPT	16.34123920227253	2316693238.0
649	rs11651753	17q21.32	47951723.0	17.0	1e-09	PNPO - PRR15L	20.72326583694641	2318648438.0
650	rs2597169	17q21.32	47956725.0	17.0	3e-09	PRR15L	19.624653548278303	2318653440.0
652	rs57209021	17q24.2	68168777.0	17.0	4e-08	RDM1P3 - ARHGAP27P2	17.034386382832476	2338865492.0
653	rs2542148	18p11.21	12777574.0	18.0	3e-16	LINC01882 - PTPN2	35.74274919923662	2351643066.0
654	rs2847278	18p11.21	12778716.0	18.0	1e-09	LINC01882 - PTPN2	20.72326583694641	2351644208.0
656	rs2542151	18p11.21	12779948.0	18.0	9e-08	LINC01882 - PTPN2	16.223456166616145	2351645440.0
659	rs1893217	18p11.21	12809341.0	18.0	4e-15	PTPN2	33.1524820337908	2351674833.0
660	rs12971201	18p11.21	12830539.0	18.0	2e-06	PTPN2	13.122363377404328	2351696031.0
661	rs550543239		21507398.0	18.0	2e-08		17.72753356339242	2360372890.0
662	rs113114656	18q21.1	47872985.0	18.0	2e-06	SMAD2	13.122363377404328	2386738477.0
663	rs144833113		58389479.0	18.0	2e-07		15.424948470398377	2397254971.0
665	rs118037200		58518360.0	18.0	3e-08		17.322068455284256	2397383852.0
667	rs144512578		69405649.0	18.0	1e-06		13.815510557964274	2408271141.0
668	rs146427450		69571112.0	18.0	1e-10		23.025850929940457	2408436604.0
669	rs1615504	18q22.2	69859408.0	18.0	2e-11	CD226	24.63528884237456	2408724900.0
670	rs763361	18q22.2	69864406.0	18.0	1e-08	CD226	18.420680743952367	2408729898.0
672	rs74956615	19p13.2	10317045.0	19.0	5e-10	RAVER1	21.41641301750636	2419046943.0
674	rs34536443	19p13.2	10352442.0	19.0	2e-11	TYK2	24.63528884237456	2419082340.0
675	rs12720356	19p13.2	10359299.0	19.0	4e-07	TYK2	14.73180128983843	2419089197.0
677	rs2304256	19p13.2	10364976.0	19.0	4e-09	TYK2	19.33697147582652	2419094874.0
679	rs7351085		31157758.0	19.0	2e-08		17.72753356339242	2439887656.0
680	rs563597519		35897277.0	19.0	2e-06		13.122363377404328	2444627175.0
681	rs45518931		36013582.0	19.0	1e-08		18.420680743952367	2444743480.0
682	rs752049703		36633617.0	19.0	4e-08		17.034386382832476	2445363515.0
683	rs189285397		37034392.0	19.0	3e-08		17.322068455284256	2445764290.0
684	rs425105	19q13.32	46705224.0	19.0	3e-11	PRKD2	24.229823734266397	2455435122.0
685	rs402072	19q13.32	46715865.0	19.0	5e-08	PRKD2	16.811242831518264	2455445763.0
686	rs553696081		47871241.0	19.0	2e-08		17.72753356339242	2456601139.0
687	rs516246	19q13.33	48702915.0	19.0	5e-14	FUT2	30.626753389482538	2457432813.0
688	rs6055069	20p13	153643.0	20.0	1e-06	DEFB126 - DEFB127	13.815510557964274	2457586456.0
689	rs2281808	20p13	1629905.0	20.0	1e-11	SIRPG	25.328436022934504	2459062718.0
690	rs6043409	20p13	1635560.0	20.0	3e-10	SIRPG-AS1, SIRPG	21.927238641272343	2459068373.0
691	rs543301155		4377254.0	20.0	4e-06		12.429216196844385	2461810067.0
693	rs13045180	20q11.21	32943738.0	20.0	9e-06	EFCAB8	11.618285980628055	2490376551.0
694	rs11698685	20q13.33	60320788.0	20.0	1e-06	MIR646HG	13.815510557964274	2517753601.0
695	rs6027506	20q13.33	60321657.0	20.0	5e-06	MIR646HG	12.206072645530174	2517754470.0
696	rs67213764	21q21.1	19974842.0	21.0	9e-06	LINC01683 - NA	11.618285980628055	2537729312.0
697	rs2128344	21q21.1	20724226.0	21.0	8e-12	LINC00320	25.551579574248716	2538478696.0
698	rs12482425	21q21.2	23556791.0	21.0	9e-06		11.618285980628055	2541311261.0
699	rs531381284		41956642.0	21.0	2e-07		15.424948470398377	2559711112.0
701	rs11203202	21q22.3	42405248.0	21.0	1e-15	UBASH3A	34.538776394910684	2560159718.0
702	rs9981624	21q22.3	42405613.0	21.0	2e-12	UBASH3A	26.937873935368604	2560160083.0
703	rs11203203	21q22.3	42416077.0	21.0	2e-09	UBASH3A	20.030118656386467	2560170547.0
704	rs9976767	21q22.3	42416281.0	21.0	2e-08	UBASH3A	17.72753356339242	2560170751.0
705	rs3788013	21q22.3	42421219.0	21.0	1e-07	UBASH3A	16.11809565095832	2560175689.0
706	rs1893592	21q22.3	42434957.0	21.0	2e-09	UBASH3A	20.030118656386467	2560189427.0
707	rs6518350	21q22.3	44201934.0	21.0	1e-07	GATD3A	16.11809565095832	2561956404.0
708	rs56178904	21q22.3	44204668.0	21.0	7e-11	GATD3A	23.38252587387919	2561959138.0
710	rs74203920	21q22.3	44294411.0	21.0	2e-08	AIRE	17.72753356339242	2562048881.0
712	rs1568959252		44998426.0	21.0	8e-09		18.643824295266576	2562752896.0
713	rs428595	22q11.21	21662102.0	22.0	2e-06	MIR130B - PPIL2	13.122363377404328	2584414998.0
715	rs373009901	22q12.1	25592812.0	22.0	9e-06	GRK3	11.618285980628055	2588345708.0
716	rs4820830	22q12.2	30135102.0	22.0	1e-12	HORMAD2	27.631021115928547	2592887998.0
717	rs4336042	22q12.2	30156522.0	22.0	2e-11	HORMAD2	24.63528884237456	2592909418.0
718	rs5753037	22q12.2	30185733.0	22.0	3e-16	HORMAD2 - LIF-AS1	35.74274919923662	2592938629.0
719	rs743777	22q12.3	37155567.0	22.0	2e-06	IL2RB	13.122363377404328	2599908463.0
720	rs229533	22q12.3	37191071.0	22.0	2e-08	C1QTNF6	17.72753356339242	2599943967.0
722	rs229541	22q12.3	37195278.0	22.0	2e-07	C1QTNF6	15.424948470398377	2599948174.0
